{"metadata":{},"options":{"compact":false,"sourceMaps":true,"ast":true,"babelrc":false,"configFile":false,"parserOpts":{"sourceType":"module","sourceFileName":"/Users/timothyliles/Documents/careers-in-code-sandbox/timLiles/feedback/packages/tmeasday:check-npm-versions/check-npm-versions.js","plugins":["*","flow","jsx","asyncGenerators","bigInt","classPrivateMethods","classPrivateProperties","classProperties","doExpressions","dynamicImport","exportDefaultFrom","exportExtensions","exportNamespaceFrom","functionBind","functionSent","importMeta","nullishCoalescingOperator","numericSeparator","objectRestSpread","optionalCatchBinding","optionalChaining",["pipelineOperator",{"proposal":"minimal"}],"throwExpressions","dynamicImport","classProperties","classPrivateProperties","jsx",["flow",{}],"asyncGenerators","objectRestSpread","objectRestSpread",["flow",{}],"asyncGenerators"],"allowImportExportEverywhere":true,"allowReturnOutsideFunction":true,"strictMode":false},"caller":{"name":"meteor","arch":"web.browser"},"sourceFileName":"packages/tmeasday:check-npm-versions/check-npm-versions.js","filename":"/Users/timothyliles/Documents/careers-in-code-sandbox/timLiles/feedback/packages/tmeasday:check-npm-versions/check-npm-versions.js","passPerPreset":false,"envName":"development","cwd":"/Users/timothyliles/Documents/careers-in-code-sandbox/timLiles/feedback","root":"/Users/timothyliles/Documents/careers-in-code-sandbox/timLiles/feedback","plugins":[{"key":"base$0$0","visitor":{"Program":{"enter":[null]},"_exploded":true,"_verified":true},"options":{"generateLetDeclarations":true,"enforceStrictMode":false}},{"key":"transform-meteor-dynamic-import","visitor":{"_exploded":{},"_verified":{},"CallExpression":{"enter":[null]}},"options":{}},{"key":"transform-runtime","visitor":{"CallExpression":{"enter":[null]},"BinaryExpression":{"enter":[null]},"MemberExpression":{"enter":[null],"exit":[null]},"_exploded":true,"_verified":true,"Identifier":{"enter":[null]},"JSXIdentifier":{"enter":[null]}},"options":{}},{"key":"proposal-class-properties","visitor":{"PrivateName":{"enter":[null]},"ExportDefaultDeclaration":{"enter":[null]},"_exploded":true,"_verified":true,"ClassDeclaration":{"enter":[null]},"ClassExpression":{"enter":[null]}},"options":{"loose":true}},{"key":"transform-modules-commonjs","visitor":{"Program":{"exit":[null]},"_exploded":true,"_verified":true},"options":{"allowTopLevelThis":true,"strictMode":false,"loose":true}},{"key":"transform-react-jsx","visitor":{"_exploded":{},"_verified":{},"JSXNamespacedName":{"enter":[null]},"JSXSpreadChild":{"enter":[null]},"JSXElement":{"exit":[null]},"JSXFragment":{"exit":[null]},"Program":{"enter":[null],"exit":[null]},"JSXAttribute":{"enter":[null]}},"options":{"pragma":"React.createElement","pragmaFrag":"React.Fragment","throwIfNamespace":true,"useBuiltIns":false}},{"key":"transform-react-display-name","visitor":{"ExportDefaultDeclaration":{"enter":[null]},"CallExpression":{"enter":[null]},"_exploded":true,"_verified":true},"options":{}},{"key":"syntax-flow","visitor":{"_exploded":true,"_verified":true},"options":{}},{"key":"syntax-async-generators","visitor":{"_exploded":true,"_verified":true},"options":{}},{"key":"syntax-object-rest-spread","visitor":{"_exploded":true,"_verified":true},"options":{}},{"key":"transform-for-of","visitor":{"ForOfStatement":{"enter":[null]},"_exploded":true,"_verified":true},"options":{"loose":true}},{"key":"transform-literals","visitor":{"NumericLiteral":{"enter":[null]},"StringLiteral":{"enter":[null]},"_exploded":true,"_verified":true},"options":{}},{"key":"transform-template-literals","visitor":{"TaggedTemplateExpression":{"enter":[null]},"TemplateLiteral":{"enter":[null]},"_exploded":true,"_verified":true},"options":{}},{"key":"transform-parameters","visitor":{"_exploded":true,"_verified":true,"FunctionDeclaration":{"enter":[null]},"FunctionExpression":{"enter":[null]},"ObjectMethod":{"enter":[null]},"ArrowFunctionExpression":{"enter":[null]},"ClassMethod":{"enter":[null]},"ClassPrivateMethod":{"enter":[null]}},"options":{}},{"key":"proposal-object-rest-spread","visitor":{"_exploded":{},"_verified":{},"VariableDeclarator":{"enter":[null]},"ExportNamedDeclaration":{"enter":[null]},"CatchClause":{"enter":[null]},"AssignmentExpression":{"enter":[null]},"ObjectExpression":{"enter":[null]},"FunctionDeclaration":{"enter":[null]},"FunctionExpression":{"enter":[null]},"ObjectMethod":{"enter":[null]},"ArrowFunctionExpression":{"enter":[null]},"ClassMethod":{"enter":[null]},"ClassPrivateMethod":{"enter":[null]},"ForInStatement":{"enter":[null]},"ForOfStatement":{"enter":[null]}},"options":{}},{"key":"transform-flow-strip-types","visitor":{"_exploded":{},"_verified":{},"Program":{"enter":[null]},"ImportDeclaration":{"enter":[null,null]},"ClassProperty":{"enter":[null]},"ClassPrivateProperty":{"enter":[null]},"AssignmentPattern":{"enter":[null]},"TypeCastExpression":{"enter":[null,null]},"CallExpression":{"enter":[null]},"OptionalCallExpression":{"enter":[null]},"NewExpression":{"enter":[null]},"ImportSpecifier":{"enter":[null]},"ClassDeclaration":{"enter":[null]},"ClassExpression":{"enter":[null]},"FunctionDeclaration":{"enter":[null]},"FunctionExpression":{"enter":[null]},"ObjectMethod":{"enter":[null]},"ArrowFunctionExpression":{"enter":[null]},"ClassMethod":{"enter":[null]},"ClassPrivateMethod":{"enter":[null]},"AnyTypeAnnotation":{"enter":[null]},"ArrayTypeAnnotation":{"enter":[null]},"BooleanTypeAnnotation":{"enter":[null]},"BooleanLiteralTypeAnnotation":{"enter":[null]},"NullLiteralTypeAnnotation":{"enter":[null]},"ClassImplements":{"enter":[null]},"DeclareClass":{"enter":[null]},"DeclareFunction":{"enter":[null]},"DeclareInterface":{"enter":[null]},"DeclareModule":{"enter":[null]},"DeclareModuleExports":{"enter":[null]},"DeclareTypeAlias":{"enter":[null]},"DeclareOpaqueType":{"enter":[null]},"DeclareVariable":{"enter":[null]},"DeclareExportDeclaration":{"enter":[null]},"DeclareExportAllDeclaration":{"enter":[null]},"DeclaredPredicate":{"enter":[null]},"ExistsTypeAnnotation":{"enter":[null]},"FunctionTypeAnnotation":{"enter":[null]},"FunctionTypeParam":{"enter":[null]},"GenericTypeAnnotation":{"enter":[null]},"InferredPredicate":{"enter":[null]},"InterfaceExtends":{"enter":[null]},"InterfaceDeclaration":{"enter":[null]},"InterfaceTypeAnnotation":{"enter":[null]},"IntersectionTypeAnnotation":{"enter":[null]},"MixedTypeAnnotation":{"enter":[null]},"EmptyTypeAnnotation":{"enter":[null]},"NullableTypeAnnotation":{"enter":[null]},"NumberLiteralTypeAnnotation":{"enter":[null]},"NumberTypeAnnotation":{"enter":[null]},"ObjectTypeAnnotation":{"enter":[null]},"ObjectTypeInternalSlot":{"enter":[null]},"ObjectTypeCallProperty":{"enter":[null]},"ObjectTypeIndexer":{"enter":[null]},"ObjectTypeProperty":{"enter":[null]},"ObjectTypeSpreadProperty":{"enter":[null]},"OpaqueType":{"enter":[null]},"QualifiedTypeIdentifier":{"enter":[null]},"StringLiteralTypeAnnotation":{"enter":[null]},"StringTypeAnnotation":{"enter":[null]},"ThisTypeAnnotation":{"enter":[null]},"TupleTypeAnnotation":{"enter":[null]},"TypeofTypeAnnotation":{"enter":[null]},"TypeAlias":{"enter":[null]},"TypeAnnotation":{"enter":[null]},"TypeParameter":{"enter":[null]},"TypeParameterDeclaration":{"enter":[null]},"TypeParameterInstantiation":{"enter":[null]},"UnionTypeAnnotation":{"enter":[null]},"Variance":{"enter":[null]},"VoidTypeAnnotation":{"enter":[null]},"ExportAllDeclaration":{"enter":[null]},"ExportDefaultDeclaration":{"enter":[null]},"ExportNamedDeclaration":{"enter":[null]}},"options":{}},{"key":"transform-exponentiation-operator","visitor":{"AssignmentExpression":{"enter":[null]},"BinaryExpression":{"enter":[null]},"_exploded":true,"_verified":true},"options":{}},{"key":"proposal-async-generator-functions","visitor":{"_exploded":{},"_verified":{},"Program":{"enter":[null]}},"options":{}}],"presets":[],"generatorOpts":{"filename":"/Users/timothyliles/Documents/careers-in-code-sandbox/timLiles/feedback/packages/tmeasday:check-npm-versions/check-npm-versions.js","comments":true,"compact":false,"sourceMaps":true,"sourceFileName":"packages/tmeasday:check-npm-versions/check-npm-versions.js"}},"code":"const module1 = module;\nmodule1.export({\n  checkNpmVersions: () => checkNpmVersions\n});\nlet semver;\nmodule1.link(\"semver\", {\n  default(v) {\n    semver = v;\n  }\n\n}, 0);\n\n// Returns:\n//   - true      if a version of the package in the range is installed\n//   - false     if no version is installed\n//   - version#  if incompatible version is installed\nconst compatibleVersionIsInstalled = (name, range) => {\n  try {\n    const installedVersion = require(\"\".concat(name, \"/package.json\")).version;\n\n    if (semver.satisfies(installedVersion, range)) {\n      return true;\n    } else {\n      return installedVersion;\n    }\n  } catch (e) {\n    // XXX add something to the tool to make this more reliable\n    const message = e.toString(); // One message comes out of the install npm package the other from npm directly\n\n    if (message.match(\"Cannot find module\") || message.match(\"Can't find npm module\")) {\n      return false;\n    } else {\n      throw e;\n    }\n  }\n};\n\nconst checkNpmVersions = (packages, packageName) => {\n  const failures = {};\n  Object.keys(packages).forEach(name => {\n    const range = packages[name];\n    const failure = compatibleVersionIsInstalled(name, range);\n\n    if (failure !== true) {\n      failures[name] = failure;\n    }\n  });\n\n  if (Object.keys(failures).length === 0) {\n    return true;\n  }\n\n  const errors = [];\n  Object.keys(failures).forEach(name => {\n    const installed = failures[name];\n    const requirement = \"\".concat(name, \"@\").concat(packages[name]);\n\n    if (installed) {\n      errors.push(\" - \".concat(name, \"@\").concat(installed, \" installed, \").concat(requirement, \" needed\"));\n    } else {\n      errors.push(\" - \".concat(name, \"@\").concat(packages[name], \" not installed.\"));\n    }\n  });\n  const qualifier = packageName ? \"(for \".concat(packageName, \") \") : '';\n  console.warn(\"WARNING: npm peer requirements \".concat(qualifier, \"not installed:\\n\").concat(errors.join('\\n'), \"\\n\\nRead more about installing npm peer dependencies:\\n  http://guide.meteor.com/using-packages.html#peer-npm-dependencies\\n\"));\n};","map":{"version":3,"sources":["packages/tmeasday:check-npm-versions/check-npm-versions.js"],"names":["module1","module","export","checkNpmVersions","semver","link","default","v","compatibleVersionIsInstalled","name","range","installedVersion","require","version","satisfies","e","message","toString","match","packages","packageName","failures","Object","keys","forEach","failure","length","errors","installed","requirement","push","qualifier","console","warn","join"],"mappings":"AAAA,MAAMA,OAAO,GAACC,MAAd;AAAqBD,OAAO,CAACE,MAAR,CAAe;AAACC,EAAAA,gBAAgB,EAAC,MAAIA;AAAtB,CAAf;AAAwD,IAAIC,MAAJ;AAAWJ,OAAO,CAACK,IAAR,CAAa,QAAb,EAAsB;AAACC,EAAAA,OAAO,CAACC,CAAD,EAAG;AAACH,IAAAA,MAAM,GAACG,CAAP;AAAS;;AAArB,CAAtB,EAA6C,CAA7C;;AAExF;AACA;AACA;AACA;AACA,MAAMC,4BAA4B,GAAG,CAACC,IAAD,EAAOC,KAAP,KAAiB;AACpD,MAAI;AACF,UAAMC,gBAAgB,GAAGC,OAAO,WAAIH,IAAJ,mBAAP,CAAgCI,OAAzD;;AACA,QAAIT,MAAM,CAACU,SAAP,CAAiBH,gBAAjB,EAAmCD,KAAnC,CAAJ,EAA+C;AAC7C,aAAO,IAAP;AACD,KAFD,MAEO;AACL,aAAOC,gBAAP;AACD;AACF,GAPD,CAOE,OAAOI,CAAP,EAAU;AACV;AACA,UAAMC,OAAO,GAAGD,CAAC,CAACE,QAAF,EAAhB,CAFU,CAGV;;AACA,QAAID,OAAO,CAACE,KAAR,CAAc,oBAAd,KAAuCF,OAAO,CAACE,KAAR,CAAc,uBAAd,CAA3C,EAAmF;AACjF,aAAO,KAAP;AACD,KAFD,MAEO;AACL,YAAMH,CAAN;AACD;AACF;AACF,CAlBD;;AAoBO,MAAMZ,gBAAgB,GAAG,CAACgB,QAAD,EAAWC,WAAX,KAA2B;AACzD,QAAMC,QAAQ,GAAG,EAAjB;AAEAC,EAAAA,MAAM,CAACC,IAAP,CAAYJ,QAAZ,EAAsBK,OAAtB,CAA+Bf,IAAD,IAAU;AACtC,UAAMC,KAAK,GAAGS,QAAQ,CAACV,IAAD,CAAtB;AACA,UAAMgB,OAAO,GAAGjB,4BAA4B,CAACC,IAAD,EAAOC,KAAP,CAA5C;;AAEA,QAAIe,OAAO,KAAK,IAAhB,EAAsB;AACpBJ,MAAAA,QAAQ,CAACZ,IAAD,CAAR,GAAiBgB,OAAjB;AACD;AACF,GAPD;;AASA,MAAIH,MAAM,CAACC,IAAP,CAAYF,QAAZ,EAAsBK,MAAtB,KAAiC,CAArC,EAAwC;AACtC,WAAO,IAAP;AACD;;AAED,QAAMC,MAAM,GAAG,EAAf;AAEAL,EAAAA,MAAM,CAACC,IAAP,CAAYF,QAAZ,EAAsBG,OAAtB,CAA+Bf,IAAD,IAAU;AACtC,UAAMmB,SAAS,GAAGP,QAAQ,CAACZ,IAAD,CAA1B;AACA,UAAMoB,WAAW,aAAMpB,IAAN,cAAcU,QAAQ,CAACV,IAAD,CAAtB,CAAjB;;AAEA,QAAImB,SAAJ,EAAe;AACbD,MAAAA,MAAM,CAACG,IAAP,cAAkBrB,IAAlB,cAA0BmB,SAA1B,yBAAkDC,WAAlD;AACD,KAFD,MAEO;AACLF,MAAAA,MAAM,CAACG,IAAP,cAAkBrB,IAAlB,cAA0BU,QAAQ,CAACV,IAAD,CAAlC;AACD;AACF,GATD;AAWA,QAAMsB,SAAS,GAAGX,WAAW,kBAAWA,WAAX,UAA6B,EAA1D;AACAY,EAAAA,OAAO,CAACC,IAAR,0CAA+CF,SAA/C,6BACAJ,MAAM,CAACO,IAAP,CAAY,IAAZ,CADA;AAMD,CApCM","sourcesContent":["import semver from 'semver';\n\n// Returns:\n//   - true      if a version of the package in the range is installed\n//   - false     if no version is installed\n//   - version#  if incompatible version is installed\nconst compatibleVersionIsInstalled = (name, range) => {\n  try {\n    const installedVersion = require(`${name}/package.json`).version;\n    if (semver.satisfies(installedVersion, range)) {\n      return true;\n    } else {\n      return installedVersion;\n    }\n  } catch (e) {\n    // XXX add something to the tool to make this more reliable\n    const message = e.toString();\n    // One message comes out of the install npm package the other from npm directly\n    if (message.match(\"Cannot find module\") || message.match(\"Can't find npm module\")) {\n      return false;\n    } else {\n      throw e;\n    }\n  }\n};\n\nexport const checkNpmVersions = (packages, packageName) => {\n  const failures = {};\n\n  Object.keys(packages).forEach((name) => {\n    const range = packages[name];\n    const failure = compatibleVersionIsInstalled(name, range);\n\n    if (failure !== true) {\n      failures[name] = failure;\n    }\n  });\n\n  if (Object.keys(failures).length === 0) {\n    return true;\n  }\n\n  const errors = [];\n\n  Object.keys(failures).forEach((name) => {\n    const installed = failures[name];\n    const requirement = `${name}@${packages[name]}`;\n\n    if (installed) {\n      errors.push(` - ${name}@${installed} installed, ${requirement} needed`);\n    } else {\n      errors.push(` - ${name}@${packages[name]} not installed.`);\n    }\n  });\n\n  const qualifier = packageName ? `(for ${packageName}) ` : '';\n  console.warn(`WARNING: npm peer requirements ${qualifier}not installed:\n${errors.join('\\n')}\n\nRead more about installing npm peer dependencies:\n  http://guide.meteor.com/using-packages.html#peer-npm-dependencies\n`);\n};\n"]},"sourceType":"script","hash":"4df554e2f9ccff566bfab499f12cd3c3ea2b32fd"}
