{"metadata":{},"options":{"compact":false,"sourceMaps":true,"ast":true,"babelrc":false,"configFile":false,"parserOpts":{"sourceType":"module","sourceFileName":"/Users/timothyliles/Documents/careers-in-code-sandbox/timLiles/feedback/imports/ui/App.jsx","plugins":["*","flow","jsx","asyncGenerators","bigInt","classPrivateMethods","classPrivateProperties","classProperties","doExpressions","dynamicImport","exportDefaultFrom","exportExtensions","exportNamespaceFrom","functionBind","functionSent","importMeta","nullishCoalescingOperator","numericSeparator","objectRestSpread","optionalCatchBinding","optionalChaining",["pipelineOperator",{"proposal":"minimal"}],"throwExpressions","dynamicImport","classProperties","classPrivateProperties","jsx",["flow",{}],"asyncGenerators","objectRestSpread","objectRestSpread",["flow",{}],"asyncGenerators"],"allowImportExportEverywhere":true,"allowReturnOutsideFunction":true,"strictMode":false},"caller":{"name":"meteor","arch":"web.browser"},"sourceFileName":"imports/ui/App.jsx","filename":"/Users/timothyliles/Documents/careers-in-code-sandbox/timLiles/feedback/imports/ui/App.jsx","passPerPreset":false,"envName":"development","cwd":"/Users/timothyliles/Documents/careers-in-code-sandbox/timLiles/feedback","root":"/Users/timothyliles/Documents/careers-in-code-sandbox/timLiles/feedback","plugins":[{"key":"base$0$0","visitor":{"Program":{"enter":[null]},"_exploded":true,"_verified":true},"options":{"generateLetDeclarations":true,"enforceStrictMode":false}},{"key":"transform-meteor-dynamic-import","visitor":{"_exploded":{},"_verified":{},"CallExpression":{"enter":[null]}},"options":{}},{"key":"transform-runtime","visitor":{"CallExpression":{"enter":[null]},"BinaryExpression":{"enter":[null]},"MemberExpression":{"enter":[null],"exit":[null]},"_exploded":true,"_verified":true,"Identifier":{"enter":[null]},"JSXIdentifier":{"enter":[null]}},"options":{}},{"key":"proposal-class-properties","visitor":{"PrivateName":{"enter":[null]},"ExportDefaultDeclaration":{"enter":[null]},"_exploded":true,"_verified":true,"ClassDeclaration":{"enter":[null]},"ClassExpression":{"enter":[null]}},"options":{"loose":true}},{"key":"transform-modules-commonjs","visitor":{"Program":{"exit":[null]},"_exploded":true,"_verified":true},"options":{"allowTopLevelThis":true,"strictMode":false,"loose":true}},{"key":"transform-react-jsx","visitor":{"_exploded":{},"_verified":{},"JSXNamespacedName":{"enter":[null]},"JSXSpreadChild":{"enter":[null]},"JSXElement":{"exit":[null]},"JSXFragment":{"exit":[null]},"Program":{"enter":[null],"exit":[null]},"JSXAttribute":{"enter":[null]}},"options":{"pragma":"React.createElement","pragmaFrag":"React.Fragment","throwIfNamespace":true,"useBuiltIns":false}},{"key":"transform-react-display-name","visitor":{"ExportDefaultDeclaration":{"enter":[null]},"CallExpression":{"enter":[null]},"_exploded":true,"_verified":true},"options":{}},{"key":"syntax-flow","visitor":{"_exploded":true,"_verified":true},"options":{}},{"key":"syntax-async-generators","visitor":{"_exploded":true,"_verified":true},"options":{}},{"key":"syntax-object-rest-spread","visitor":{"_exploded":true,"_verified":true},"options":{}},{"key":"transform-for-of","visitor":{"ForOfStatement":{"enter":[null]},"_exploded":true,"_verified":true},"options":{"loose":true}},{"key":"transform-literals","visitor":{"NumericLiteral":{"enter":[null]},"StringLiteral":{"enter":[null]},"_exploded":true,"_verified":true},"options":{}},{"key":"transform-template-literals","visitor":{"TaggedTemplateExpression":{"enter":[null]},"TemplateLiteral":{"enter":[null]},"_exploded":true,"_verified":true},"options":{}},{"key":"transform-parameters","visitor":{"_exploded":true,"_verified":true,"FunctionDeclaration":{"enter":[null]},"FunctionExpression":{"enter":[null]},"ObjectMethod":{"enter":[null]},"ArrowFunctionExpression":{"enter":[null]},"ClassMethod":{"enter":[null]},"ClassPrivateMethod":{"enter":[null]}},"options":{}},{"key":"proposal-object-rest-spread","visitor":{"_exploded":{},"_verified":{},"VariableDeclarator":{"enter":[null]},"ExportNamedDeclaration":{"enter":[null]},"CatchClause":{"enter":[null]},"AssignmentExpression":{"enter":[null]},"ObjectExpression":{"enter":[null]},"FunctionDeclaration":{"enter":[null]},"FunctionExpression":{"enter":[null]},"ObjectMethod":{"enter":[null]},"ArrowFunctionExpression":{"enter":[null]},"ClassMethod":{"enter":[null]},"ClassPrivateMethod":{"enter":[null]},"ForInStatement":{"enter":[null]},"ForOfStatement":{"enter":[null]}},"options":{}},{"key":"transform-flow-strip-types","visitor":{"_exploded":{},"_verified":{},"Program":{"enter":[null]},"ImportDeclaration":{"enter":[null,null]},"ClassProperty":{"enter":[null]},"ClassPrivateProperty":{"enter":[null]},"AssignmentPattern":{"enter":[null]},"TypeCastExpression":{"enter":[null,null]},"CallExpression":{"enter":[null]},"OptionalCallExpression":{"enter":[null]},"NewExpression":{"enter":[null]},"ImportSpecifier":{"enter":[null]},"ClassDeclaration":{"enter":[null]},"ClassExpression":{"enter":[null]},"FunctionDeclaration":{"enter":[null]},"FunctionExpression":{"enter":[null]},"ObjectMethod":{"enter":[null]},"ArrowFunctionExpression":{"enter":[null]},"ClassMethod":{"enter":[null]},"ClassPrivateMethod":{"enter":[null]},"AnyTypeAnnotation":{"enter":[null]},"ArrayTypeAnnotation":{"enter":[null]},"BooleanTypeAnnotation":{"enter":[null]},"BooleanLiteralTypeAnnotation":{"enter":[null]},"NullLiteralTypeAnnotation":{"enter":[null]},"ClassImplements":{"enter":[null]},"DeclareClass":{"enter":[null]},"DeclareFunction":{"enter":[null]},"DeclareInterface":{"enter":[null]},"DeclareModule":{"enter":[null]},"DeclareModuleExports":{"enter":[null]},"DeclareTypeAlias":{"enter":[null]},"DeclareOpaqueType":{"enter":[null]},"DeclareVariable":{"enter":[null]},"DeclareExportDeclaration":{"enter":[null]},"DeclareExportAllDeclaration":{"enter":[null]},"DeclaredPredicate":{"enter":[null]},"ExistsTypeAnnotation":{"enter":[null]},"FunctionTypeAnnotation":{"enter":[null]},"FunctionTypeParam":{"enter":[null]},"GenericTypeAnnotation":{"enter":[null]},"InferredPredicate":{"enter":[null]},"InterfaceExtends":{"enter":[null]},"InterfaceDeclaration":{"enter":[null]},"InterfaceTypeAnnotation":{"enter":[null]},"IntersectionTypeAnnotation":{"enter":[null]},"MixedTypeAnnotation":{"enter":[null]},"EmptyTypeAnnotation":{"enter":[null]},"NullableTypeAnnotation":{"enter":[null]},"NumberLiteralTypeAnnotation":{"enter":[null]},"NumberTypeAnnotation":{"enter":[null]},"ObjectTypeAnnotation":{"enter":[null]},"ObjectTypeInternalSlot":{"enter":[null]},"ObjectTypeCallProperty":{"enter":[null]},"ObjectTypeIndexer":{"enter":[null]},"ObjectTypeProperty":{"enter":[null]},"ObjectTypeSpreadProperty":{"enter":[null]},"OpaqueType":{"enter":[null]},"QualifiedTypeIdentifier":{"enter":[null]},"StringLiteralTypeAnnotation":{"enter":[null]},"StringTypeAnnotation":{"enter":[null]},"ThisTypeAnnotation":{"enter":[null]},"TupleTypeAnnotation":{"enter":[null]},"TypeofTypeAnnotation":{"enter":[null]},"TypeAlias":{"enter":[null]},"TypeAnnotation":{"enter":[null]},"TypeParameter":{"enter":[null]},"TypeParameterDeclaration":{"enter":[null]},"TypeParameterInstantiation":{"enter":[null]},"UnionTypeAnnotation":{"enter":[null]},"Variance":{"enter":[null]},"VoidTypeAnnotation":{"enter":[null]},"ExportAllDeclaration":{"enter":[null]},"ExportDefaultDeclaration":{"enter":[null]},"ExportNamedDeclaration":{"enter":[null]}},"options":{}},{"key":"transform-exponentiation-operator","visitor":{"AssignmentExpression":{"enter":[null]},"BinaryExpression":{"enter":[null]},"_exploded":true,"_verified":true},"options":{}},{"key":"proposal-async-generator-functions","visitor":{"_exploded":{},"_verified":{},"Program":{"enter":[null]}},"options":{}}],"presets":[],"generatorOpts":{"filename":"/Users/timothyliles/Documents/careers-in-code-sandbox/timLiles/feedback/imports/ui/App.jsx","comments":true,"compact":false,"sourceMaps":true,"sourceFileName":"imports/ui/App.jsx"}},"code":"let React, Component;\nmodule.link(\"react\", {\n  default(v) {\n    React = v;\n  },\n\n  Component(v) {\n    Component = v;\n  }\n\n}, 0);\nlet ReactDOM;\nmodule.link(\"react-dom\", {\n  default(v) {\n    ReactDOM = v;\n  }\n\n}, 1);\nlet withTracker;\nmodule.link(\"meteor/react-meteor-data\", {\n  withTracker(v) {\n    withTracker = v;\n  }\n\n}, 2);\nlet Feedback;\nmodule.link(\"../api/feedback\", {\n  Feedback(v) {\n    Feedback = v;\n  }\n\n}, 3);\nlet moment;\nmodule.link(\"moment\", {\n  default(v) {\n    moment = v;\n  }\n\n}, 4);\nlet AccountsUIWrapper;\nmodule.link(\"./AccountsUIWrapper\", {\n  default(v) {\n    AccountsUIWrapper = v;\n  }\n\n}, 5);\nlet Meteor;\nmodule.link(\"meteor/meteor\", {\n  Meteor(v) {\n    Meteor = v;\n  }\n\n}, 6);\n\nclass App extends Component {\n  constructor() {\n    super(...arguments);\n    this.state = {\n      filteredResults: []\n    };\n\n    this.createFeedback = event => {\n      event.preventDefault();\n      const studentID = ReactDOM.findDOMNode(this.refs.studentID).value;\n      const message = ReactDOM.findDOMNode(this.refs.message).value;\n      Feedback.insert({\n        studentID,\n        message: message,\n        timestamp: new Date()\n      });\n      ReactDOM.findDOMNode(this.refs.message).value = \"\";\n      ReactDOM.findDOMNode(this.refs.studentID).value = \"\";\n    };\n\n    this.editFeedback = feedbackID => {\n      const updatedFeedback = window.prompt(\"What would you like your feedback to be updated to?\");\n      Meteor.call(\"feedback.update\", feedbackID, updatedFeedback);\n    };\n\n    this.deleteFeedback = feedbackID => {\n      const confirmDelete = window.confirm(\"Are you sure you want to delete your feedback\");\n\n      if (confirmDelete) {\n        Meteor.call(\"feedback.remove\", feedbackID);\n      }\n    };\n\n    this.filterStudents = event => {\n      const filterName = event.target.value;\n      const filteredResults = this.props.feedback.filter(feedback => {\n        if (feedback.studentID.includes(filteredName)) {\n          return true;\n        } else {\n          return false;\n        }\n      });\n      this.setState({\n        filteredResults\n      });\n    };\n\n    this.genereateTableRow = feedback => {\n      return React.createElement(\"tr\", {\n        key: feedback._id\n      }, React.createElement(\"td\", null, feedback.studentID), React.createElement(\"td\", null, feedback.message), React.createElement(\"td\", null, moment(feedback.timestamp).format(\"L\")), React.createElement(\"td\", null, React.createElement(\"button\", {\n        className: \"btn btn-primary\",\n        onClick: this.editFeedback.bind(this, feedback._id)\n      }, \"Edit\")), React.createElement(\"td\", null, React.createElement(\"button\", {\n        className: \"btn btn-danger\",\n        onClick: this.deleteFeedback.bind(this, feedback._id)\n      }, \"Delete\")));\n    };\n  }\n\n  render() {\n    return React.createElement(\"div\", {\n      className: \"container\"\n    }, React.createElement(\"a\", {\n      href: \"/helloWorld\"\n    }, \"Hello World\"), React.createElement(AccountsUIWrapper, null), this.props.currentUser ? React.createElement(\"div\", null, React.createElement(\"form\", {\n      onSubmit: this.createFeedback\n    }, React.createElement(\"div\", {\n      className: \"row\"\n    }, React.createElement(\"div\", {\n      className: \"col-md\"\n    }, React.createElement(\"div\", {\n      className: \"form-group\"\n    }, React.createElement(\"label\", null, \"Message:\"), React.createElement(\"input\", {\n      className: \"form-control\",\n      ref: \"message\"\n    }))), React.createElement(\"div\", {\n      className: \"col-md\"\n    }, React.createElement(\"div\", {\n      className: \"form-group\"\n    }, React.createElement(\"label\", null, \"Student ID:\"), React.createElement(\"input\", {\n      className: \"form-control\",\n      ref: \"studentID\"\n    })))), React.createElement(\"div\", {\n      className: \"row\"\n    }, React.createElement(\"div\", {\n      className: \"col text-center\"\n    }, React.createElement(\"button\", {\n      type: \"submit\",\n      className: \"btn btn-primary\"\n    }, \"Save feedback\")))), React.createElement(\"div\", {\n      className: \"row\"\n    }, React.createElement(\"div\", {\n      className: \"col\"\n    }, React.createElement(\"table\", {\n      className: \"table\"\n    }, React.createElement(\"thead\", null, React.createElement(\"tr\", null, React.createElement(\"th\", null, \"Student ID\"), React.createElement(\"th\", null, \"Message\"), React.createElement(\"th\", null, \"Timestamp\"), React.createElement(\"th\", null, \"Edit\"), React.createElement(\"th\", null, \"Delete\"))), React.createElement(\"tbody\", null, this.state.filteredResults.length > 0 ? this.state.filteredResults.map(feedback => {\n      return this.generateTableRow(feedback);\n    }) : this.props.feedback.map(feedback => {\n      return this.genereateTableRow(feedback);\n    }))))), React.createElement(\"div\", {\n      className: \"row\"\n    }, React.createElement(\"div\", {\n      className: \"col\"\n    }, React.createElement(\"form\", null, React.createElement(\"label\", null, \"Filter by student:\"), React.createElement(\"input\", {\n      ref: \"filterStudent\",\n      className: \"form-control\",\n      onChange: this.filterStudents\n    }))))) : null);\n  }\n\n}\n\nmodule.exportDefault(withTracker(() => {\n  Meteor.subscribe(\"feedback\");\n  return {\n    feedback: Feedback.find({}).fetch(),\n    currentUser: Meteor.user()\n  };\n})(App));","map":{"version":3,"sources":["imports/ui/App.jsx"],"names":["React","Component","module","link","default","v","ReactDOM","withTracker","Feedback","moment","AccountsUIWrapper","Meteor","App","state","filteredResults","createFeedback","event","preventDefault","studentID","findDOMNode","refs","value","message","insert","timestamp","Date","editFeedback","feedbackID","updatedFeedback","window","prompt","call","deleteFeedback","confirmDelete","confirm","filterStudents","filterName","target","props","feedback","filter","includes","filteredName","setState","genereateTableRow","_id","format","bind","render","currentUser","length","map","generateTableRow","exportDefault","subscribe","find","fetch","user"],"mappings":"AAAA,IAAIA,KAAJ,EAAUC,SAAV;AAAoBC,MAAM,CAACC,IAAP,CAAY,OAAZ,EAAoB;AAACC,EAAAA,OAAO,CAACC,CAAD,EAAG;AAACL,IAAAA,KAAK,GAACK,CAAN;AAAQ,GAApB;;AAAqBJ,EAAAA,SAAS,CAACI,CAAD,EAAG;AAACJ,IAAAA,SAAS,GAACI,CAAV;AAAY;;AAA9C,CAApB,EAAoE,CAApE;AAAuE,IAAIC,QAAJ;AAAaJ,MAAM,CAACC,IAAP,CAAY,WAAZ,EAAwB;AAACC,EAAAA,OAAO,CAACC,CAAD,EAAG;AAACC,IAAAA,QAAQ,GAACD,CAAT;AAAW;;AAAvB,CAAxB,EAAiD,CAAjD;AAAoD,IAAIE,WAAJ;AAAgBL,MAAM,CAACC,IAAP,CAAY,0BAAZ,EAAuC;AAACI,EAAAA,WAAW,CAACF,CAAD,EAAG;AAACE,IAAAA,WAAW,GAACF,CAAZ;AAAc;;AAA9B,CAAvC,EAAuE,CAAvE;AAA0E,IAAIG,QAAJ;AAAaN,MAAM,CAACC,IAAP,CAAY,iBAAZ,EAA8B;AAACK,EAAAA,QAAQ,CAACH,CAAD,EAAG;AAACG,IAAAA,QAAQ,GAACH,CAAT;AAAW;;AAAxB,CAA9B,EAAwD,CAAxD;AAA2D,IAAII,MAAJ;AAAWP,MAAM,CAACC,IAAP,CAAY,QAAZ,EAAqB;AAACC,EAAAA,OAAO,CAACC,CAAD,EAAG;AAACI,IAAAA,MAAM,GAACJ,CAAP;AAAS;;AAArB,CAArB,EAA4C,CAA5C;AAA+C,IAAIK,iBAAJ;AAAsBR,MAAM,CAACC,IAAP,CAAY,qBAAZ,EAAkC;AAACC,EAAAA,OAAO,CAACC,CAAD,EAAG;AAACK,IAAAA,iBAAiB,GAACL,CAAlB;AAAoB;;AAAhC,CAAlC,EAAoE,CAApE;AAAuE,IAAIM,MAAJ;AAAWT,MAAM,CAACC,IAAP,CAAY,eAAZ,EAA4B;AAACQ,EAAAA,MAAM,CAACN,CAAD,EAAG;AAACM,IAAAA,MAAM,GAACN,CAAP;AAAS;;AAApB,CAA5B,EAAkD,CAAlD;;AAShe,MAAMO,GAAN,SAAkBX,SAAlB,CAA4B;AAAA;AAAA;AAAA,SAC1BY,KAD0B,GAClB;AAAEC,MAAAA,eAAe,EAAE;AAAnB,KADkB;;AAAA,SAG1BC,cAH0B,GAGTC,KAAK,IAAI;AACxBA,MAAAA,KAAK,CAACC,cAAN;AACA,YAAMC,SAAS,GAAGZ,QAAQ,CAACa,WAAT,CAAqB,KAAKC,IAAL,CAAUF,SAA/B,EAA0CG,KAA5D;AACA,YAAMC,OAAO,GAAGhB,QAAQ,CAACa,WAAT,CAAqB,KAAKC,IAAL,CAAUE,OAA/B,EAAwCD,KAAxD;AAEAb,MAAAA,QAAQ,CAACe,MAAT,CAAgB;AAAEL,QAAAA,SAAF;AAAaI,QAAAA,OAAO,EAAEA,OAAtB;AAA+BE,QAAAA,SAAS,EAAE,IAAIC,IAAJ;AAA1C,OAAhB;AAEAnB,MAAAA,QAAQ,CAACa,WAAT,CAAqB,KAAKC,IAAL,CAAUE,OAA/B,EAAwCD,KAAxC,GAAgD,EAAhD;AACAf,MAAAA,QAAQ,CAACa,WAAT,CAAqB,KAAKC,IAAL,CAAUF,SAA/B,EAA0CG,KAA1C,GAAkD,EAAlD;AACD,KAZyB;;AAAA,SAc1BK,YAd0B,GAcXC,UAAU,IAAI;AAC3B,YAAMC,eAAe,GAAGC,MAAM,CAACC,MAAP,CACtB,qDADsB,CAAxB;AAIAnB,MAAAA,MAAM,CAACoB,IAAP,CAAY,iBAAZ,EAA+BJ,UAA/B,EAA2CC,eAA3C;AACD,KApByB;;AAAA,SAsB1BI,cAtB0B,GAsBTL,UAAU,IAAI;AAC7B,YAAMM,aAAa,GAAGJ,MAAM,CAACK,OAAP,CACpB,+CADoB,CAAtB;;AAIA,UAAID,aAAJ,EAAmB;AACjBtB,QAAAA,MAAM,CAACoB,IAAP,CAAY,iBAAZ,EAA+BJ,UAA/B;AACD;AACF,KA9ByB;;AAAA,SAgC1BQ,cAhC0B,GAgCTnB,KAAK,IAAI;AACxB,YAAMoB,UAAU,GAAGpB,KAAK,CAACqB,MAAN,CAAahB,KAAhC;AAEA,YAAMP,eAAe,GAAG,KAAKwB,KAAL,CAAWC,QAAX,CAAoBC,MAApB,CAA2BD,QAAQ,IAAI;AAC7D,YAAIA,QAAQ,CAACrB,SAAT,CAAmBuB,QAAnB,CAA4BC,YAA5B,CAAJ,EAA+C;AAC7C,iBAAO,IAAP;AACD,SAFD,MAEO;AACL,iBAAO,KAAP;AACD;AACF,OANuB,CAAxB;AAQA,WAAKC,QAAL,CAAc;AAAE7B,QAAAA;AAAF,OAAd;AACD,KA5CyB;;AAAA,SA8C1B8B,iBA9C0B,GA8CNL,QAAQ,IAAI;AAC9B,aACE;AAAI,QAAA,GAAG,EAAEA,QAAQ,CAACM;AAAlB,SACE,gCAAKN,QAAQ,CAACrB,SAAd,CADF,EAEE,gCAAKqB,QAAQ,CAACjB,OAAd,CAFF,EAGE,gCAAKb,MAAM,CAAC8B,QAAQ,CAACf,SAAV,CAAN,CAA2BsB,MAA3B,CAAkC,GAAlC,CAAL,CAHF,EAIE,gCACE;AACA,QAAA,SAAS,EAAC,iBADV;AAEA,QAAA,OAAO,EAAE,KAAKpB,YAAL,CAAkBqB,IAAlB,CAAuB,IAAvB,EAA6BR,QAAQ,CAACM,GAAtC;AAFT,gBADF,CAJF,EAWE,gCACE;AAAQ,QAAA,SAAS,EAAC,gBAAlB;AAAmC,QAAA,OAAO,EAAE,KAAKb,cAAL,CAAoBe,IAApB,CAAyB,IAAzB,EAA+BR,QAAQ,CAACM,GAAxC;AAA5C,kBADF,CAXF,CADF;AAmBD,KAlEyB;AAAA;;AAoE1BG,EAAAA,MAAM,GAAG;AACP,WACE;AAAK,MAAA,SAAS,EAAC;AAAf,OACE;AAAG,MAAA,IAAI,EAAC;AAAR,qBADF,EAEE,oBAAC,iBAAD,OAFF,EAGG,KAAKV,KAAL,CAAWW,WAAX,GACD,iCACA;AAAM,MAAA,QAAQ,EAAE,KAAKlC;AAArB,OACE;AAAK,MAAA,SAAS,EAAC;AAAf,OACE;AAAK,MAAA,SAAS,EAAC;AAAf,OACE;AAAK,MAAA,SAAS,EAAC;AAAf,OACE,8CADF,EAEE;AAAO,MAAA,SAAS,EAAC,cAAjB;AAAgC,MAAA,GAAG,EAAC;AAApC,MAFF,CADF,CADF,EAOE;AAAK,MAAA,SAAS,EAAC;AAAf,OACE;AAAK,MAAA,SAAS,EAAC;AAAf,OACE,iDADF,EAEE;AAAO,MAAA,SAAS,EAAC,cAAjB;AAAgC,MAAA,GAAG,EAAC;AAApC,MAFF,CADF,CAPF,CADF,EAeE;AAAK,MAAA,SAAS,EAAC;AAAf,OACE;AAAK,MAAA,SAAS,EAAC;AAAf,OACE;AAAQ,MAAA,IAAI,EAAC,QAAb;AAAsB,MAAA,SAAS,EAAC;AAAhC,uBADF,CADF,CAfF,CADA,EAwBA;AAAK,MAAA,SAAS,EAAC;AAAf,OACE;AAAK,MAAA,SAAS,EAAC;AAAf,OACE;AAAO,MAAA,SAAS,EAAC;AAAjB,OACE,mCACE,gCACE,6CADF,EAEE,0CAFF,EAGE,4CAHF,EAIE,uCAJF,EAKE,yCALF,CADF,CADF,EAUE,mCACG,KAAKF,KAAL,CAAWC,eAAX,CAA2BoC,MAA3B,GAAoC,CAApC,GAAwC,KAAKrC,KAAL,CAAWC,eAAX,CAA2BqC,GAA3B,CAA+BZ,QAAQ,IAAI;AAClF,aAAO,KAAKa,gBAAL,CAAsBb,QAAtB,CAAP;AACD,KAFwC,CAAxC,GAEG,KAAKD,KAAL,CAAWC,QAAX,CAAoBY,GAApB,CAAwBZ,QAAQ,IAAI;AACtC,aAAO,KAAKK,iBAAL,CAAuBL,QAAvB,CAAP;AACD,KAFG,CAHN,CAVF,CADF,CADF,CAxBA,EA8CF;AAAK,MAAA,SAAS,EAAC;AAAf,OACE;AAAK,MAAA,SAAS,EAAC;AAAf,OACE,kCACE,wDADF,EAEE;AAAO,MAAA,GAAG,EAAC,eAAX;AAA2B,MAAA,SAAS,EAAC,cAArC;AAAoD,MAAA,QAAQ,EAAE,KAAKJ;AAAnE,MAFF,CADF,CADF,CA9CE,CADC,GAwDD,IA3DF,CADF;AA+DH;;AApI2B;;AAT5BjC,MAAM,CAACmD,aAAP,CAgJe9C,WAAW,CAAC,MAAM;AAC/BI,EAAAA,MAAM,CAAC2C,SAAP,CAAiB,UAAjB;AAEA,SAAO;AACLf,IAAAA,QAAQ,EAAE/B,QAAQ,CAAC+C,IAAT,CAAc,EAAd,EAAkBC,KAAlB,EADL;AAELP,IAAAA,WAAW,EAAEtC,MAAM,CAAC8C,IAAP;AAFR,GAAP;AAID,CAPyB,CAAX,CAOZ7C,GAPY,CAhJf","sourcesContent":["import React, { Component } from \"react\";\nimport ReactDOM from \"react-dom\";\n\nimport { withTracker } from \"meteor/react-meteor-data\";\nimport { Feedback } from \"../api/feedback\";\nimport moment from \"moment\";\nimport AccountsUIWrapper from \"./AccountsUIWrapper\";\nimport { Meteor } from \"meteor/meteor\";\n\nclass App extends Component {\n  state = { filteredResults: [] };\n\n  createFeedback = event => {\n    event.preventDefault();\n    const studentID = ReactDOM.findDOMNode(this.refs.studentID).value;\n    const message = ReactDOM.findDOMNode(this.refs.message).value;\n\n    Feedback.insert({ studentID, message: message, timestamp: new Date() });\n\n    ReactDOM.findDOMNode(this.refs.message).value = \"\";\n    ReactDOM.findDOMNode(this.refs.studentID).value = \"\";\n  };\n\n  editFeedback = feedbackID => {\n    const updatedFeedback = window.prompt(\n      \"What would you like your feedback to be updated to?\"\n    );\n\n    Meteor.call(\"feedback.update\", feedbackID, updatedFeedback);\n  };\n\n  deleteFeedback = feedbackID => {\n    const confirmDelete = window.confirm(\n      \"Are you sure you want to delete your feedback\"\n    );\n\n    if (confirmDelete) {\n      Meteor.call(\"feedback.remove\", feedbackID);\n    }\n  };\n\n  filterStudents = event => {\n    const filterName = event.target.value;\n\n    const filteredResults = this.props.feedback.filter(feedback => {\n      if (feedback.studentID.includes(filteredName)) {\n        return true;\n      } else {\n        return false;\n      }\n    });\n\n    this.setState({ filteredResults });\n  };\n\n  genereateTableRow = feedback => {\n    return (\n      <tr key={feedback._id}>\n        <td>{feedback.studentID}</td>\n        <td>{feedback.message}</td>\n        <td>{moment(feedback.timestamp).format(\"L\")}</td>\n        <td>\n          <button \n          className=\"btn btn-primary\"\n          onClick={this.editFeedback.bind(this, feedback._id)}>\n            Edit\n          </button>\n        </td>\n        <td>\n          <button className=\"btn btn-danger\" onClick={this.deleteFeedback.bind(this, feedback._id)}>\n            Delete\n          </button>\n        </td>\n      </tr>\n    );\n  };\n\n  render() {\n    return (\n      <div className=\"container\">\n        <a href=\"/helloWorld\">Hello World</a>\n        <AccountsUIWrapper />\n        {this.props.currentUser ? (\n        <div>\n        <form onSubmit={this.createFeedback}>\n          <div className=\"row\">\n            <div className=\"col-md\">\n              <div className=\"form-group\">\n                <label>Message:</label>\n                <input className=\"form-control\" ref=\"message\" />\n              </div>\n            </div>\n            <div className=\"col-md\">\n              <div className=\"form-group\">\n                <label>Student ID:</label>\n                <input className=\"form-control\" ref=\"studentID\" />\n              </div>\n            </div>\n          </div>\n          <div className=\"row\">\n            <div className=\"col text-center\">\n              <button type=\"submit\" className=\"btn btn-primary\">\n                Save feedback\n              </button>\n            </div>\n          </div>\n        </form>\n        <div className=\"row\">\n          <div className=\"col\">\n            <table className=\"table\">\n              <thead>\n                <tr>\n                  <th>Student ID</th>\n                  <th>Message</th>\n                  <th>Timestamp</th>\n                  <th>Edit</th>\n                  <th>Delete</th>\n                </tr>\n              </thead>\n              <tbody>\n                {this.state.filteredResults.length > 0 ? this.state.filteredResults.map(feedback => {\n                  return this.generateTableRow(feedback);\n                }): this.props.feedback.map(feedback => {\n                  return this.genereateTableRow(feedback);\n                })}\n              </tbody>\n            </table>\n        </div>\n      </div>\n      <div className=\"row\">\n        <div className=\"col\">\n          <form>\n            <label>Filter by student:</label>\n            <input ref=\"filterStudent\" className=\"form-control\" onChange={this.filterStudents}/>\n          </form>\n        </div>\n        </div>\n      </div>\n    ) : null}\n    </div>\n    );\n}\n}\n\nexport default withTracker(() => {\n  Meteor.subscribe(\"feedback\");\n\n  return {\n    feedback: Feedback.find({}).fetch(),\n    currentUser: Meteor.user()\n  };\n})(App);\n"]},"sourceType":"script","hash":"6fae3315e99ab4b8099a748e30f9d2ac0b49bd81"}
