{"metadata":{},"options":{"compact":false,"sourceMaps":true,"ast":true,"babelrc":false,"configFile":false,"parserOpts":{"sourceType":"module","sourceFileName":"/Users/timothyliles/Documents/careers-in-code-sandbox/timLiles/feedback/imports/api/feedback.js","plugins":["*","flow","jsx","asyncGenerators","bigInt","classPrivateMethods","classPrivateProperties","classProperties","doExpressions","dynamicImport","exportDefaultFrom","exportExtensions","exportNamespaceFrom","functionBind","functionSent","importMeta","nullishCoalescingOperator","numericSeparator","objectRestSpread","optionalCatchBinding","optionalChaining",["pipelineOperator",{"proposal":"minimal"}],"throwExpressions","jsx",["flow",{}],["flow",{}],"objectRestSpread","objectRestSpread","dynamicImport","asyncGenerators","classProperties","classPrivateProperties"],"allowImportExportEverywhere":true,"allowReturnOutsideFunction":true,"strictMode":false},"caller":{"name":"meteor","arch":"os.osx.x86_64"},"sourceFileName":"imports/api/feedback.js","filename":"/Users/timothyliles/Documents/careers-in-code-sandbox/timLiles/feedback/imports/api/feedback.js","passPerPreset":false,"envName":"development","cwd":"/Users/timothyliles/Documents/careers-in-code-sandbox/timLiles/feedback","root":"/Users/timothyliles/Documents/careers-in-code-sandbox/timLiles/feedback","plugins":[{"key":"transform-react-jsx","visitor":{"_exploded":{},"_verified":{},"JSXNamespacedName":{"enter":[null]},"JSXSpreadChild":{"enter":[null]},"JSXElement":{"exit":[null]},"JSXFragment":{"exit":[null]},"Program":{"enter":[null],"exit":[null]},"JSXAttribute":{"enter":[null]}},"options":{"pragma":"React.createElement","pragmaFrag":"React.Fragment","throwIfNamespace":true,"useBuiltIns":false}},{"key":"transform-react-display-name","visitor":{"ExportDefaultDeclaration":{"enter":[null]},"CallExpression":{"enter":[null]},"_exploded":true,"_verified":true},"options":{}},{"key":"base$0$0","visitor":{"Program":{"enter":[null]},"_exploded":true,"_verified":true},"options":{"generateLetDeclarations":true,"enforceStrictMode":false}},{"key":"syntax-flow","visitor":{"_exploded":true,"_verified":true},"options":{}},{"key":"transform-flow-strip-types","visitor":{"_exploded":{},"_verified":{},"Program":{"enter":[null]},"ImportDeclaration":{"enter":[null,null]},"ClassProperty":{"enter":[null]},"ClassPrivateProperty":{"enter":[null]},"AssignmentPattern":{"enter":[null]},"TypeCastExpression":{"enter":[null,null]},"CallExpression":{"enter":[null]},"OptionalCallExpression":{"enter":[null]},"NewExpression":{"enter":[null]},"ImportSpecifier":{"enter":[null]},"ClassDeclaration":{"enter":[null]},"ClassExpression":{"enter":[null]},"FunctionDeclaration":{"enter":[null]},"FunctionExpression":{"enter":[null]},"ObjectMethod":{"enter":[null]},"ArrowFunctionExpression":{"enter":[null]},"ClassMethod":{"enter":[null]},"ClassPrivateMethod":{"enter":[null]},"AnyTypeAnnotation":{"enter":[null]},"ArrayTypeAnnotation":{"enter":[null]},"BooleanTypeAnnotation":{"enter":[null]},"BooleanLiteralTypeAnnotation":{"enter":[null]},"NullLiteralTypeAnnotation":{"enter":[null]},"ClassImplements":{"enter":[null]},"DeclareClass":{"enter":[null]},"DeclareFunction":{"enter":[null]},"DeclareInterface":{"enter":[null]},"DeclareModule":{"enter":[null]},"DeclareModuleExports":{"enter":[null]},"DeclareTypeAlias":{"enter":[null]},"DeclareOpaqueType":{"enter":[null]},"DeclareVariable":{"enter":[null]},"DeclareExportDeclaration":{"enter":[null]},"DeclareExportAllDeclaration":{"enter":[null]},"DeclaredPredicate":{"enter":[null]},"ExistsTypeAnnotation":{"enter":[null]},"FunctionTypeAnnotation":{"enter":[null]},"FunctionTypeParam":{"enter":[null]},"GenericTypeAnnotation":{"enter":[null]},"InferredPredicate":{"enter":[null]},"InterfaceExtends":{"enter":[null]},"InterfaceDeclaration":{"enter":[null]},"InterfaceTypeAnnotation":{"enter":[null]},"IntersectionTypeAnnotation":{"enter":[null]},"MixedTypeAnnotation":{"enter":[null]},"EmptyTypeAnnotation":{"enter":[null]},"NullableTypeAnnotation":{"enter":[null]},"NumberLiteralTypeAnnotation":{"enter":[null]},"NumberTypeAnnotation":{"enter":[null]},"ObjectTypeAnnotation":{"enter":[null]},"ObjectTypeInternalSlot":{"enter":[null]},"ObjectTypeCallProperty":{"enter":[null]},"ObjectTypeIndexer":{"enter":[null]},"ObjectTypeProperty":{"enter":[null]},"ObjectTypeSpreadProperty":{"enter":[null]},"OpaqueType":{"enter":[null]},"QualifiedTypeIdentifier":{"enter":[null]},"StringLiteralTypeAnnotation":{"enter":[null]},"StringTypeAnnotation":{"enter":[null]},"ThisTypeAnnotation":{"enter":[null]},"TupleTypeAnnotation":{"enter":[null]},"TypeofTypeAnnotation":{"enter":[null]},"TypeAlias":{"enter":[null]},"TypeAnnotation":{"enter":[null]},"TypeParameter":{"enter":[null]},"TypeParameterDeclaration":{"enter":[null]},"TypeParameterInstantiation":{"enter":[null]},"UnionTypeAnnotation":{"enter":[null]},"Variance":{"enter":[null]},"VoidTypeAnnotation":{"enter":[null]},"ExportAllDeclaration":{"enter":[null]},"ExportDefaultDeclaration":{"enter":[null]},"ExportNamedDeclaration":{"enter":[null]}},"options":{}},{"key":"transform-runtime","visitor":{"CallExpression":{"enter":[null]},"BinaryExpression":{"enter":[null]},"MemberExpression":{"enter":[null],"exit":[null]},"_exploded":true,"_verified":true,"Identifier":{"enter":[null]},"JSXIdentifier":{"enter":[null]}},"options":{}},{"key":"syntax-object-rest-spread","visitor":{"_exploded":true,"_verified":true},"options":{}},{"key":"proposal-object-rest-spread","visitor":{"_exploded":{},"_verified":{},"VariableDeclarator":{"enter":[null]},"ExportNamedDeclaration":{"enter":[null]},"CatchClause":{"enter":[null]},"AssignmentExpression":{"enter":[null]},"ObjectExpression":{"enter":[null]},"FunctionDeclaration":{"enter":[null]},"FunctionExpression":{"enter":[null]},"ObjectMethod":{"enter":[null]},"ArrowFunctionExpression":{"enter":[null]},"ClassMethod":{"enter":[null]},"ClassPrivateMethod":{"enter":[null]},"ForInStatement":{"enter":[null]},"ForOfStatement":{"enter":[null]}},"options":{}},{"key":"transform-meteor-async-await","visitor":{"AwaitExpression":{"enter":[null]},"_exploded":true,"_verified":true,"FunctionDeclaration":{"exit":[null]},"FunctionExpression":{"exit":[null]},"ObjectMethod":{"exit":[null]},"ArrowFunctionExpression":{"exit":[null]},"ClassMethod":{"exit":[null]},"ClassPrivateMethod":{"exit":[null]}},"options":{"useNativeAsyncAwait":false}},{"key":"transform-meteor-dynamic-import","visitor":{"_exploded":{},"_verified":{},"CallExpression":{"enter":[null]}},"options":{}},{"key":"proposal-async-generator-functions","visitor":{"_exploded":{},"_verified":{},"Program":{"enter":[null]}},"options":{}},{"key":"transform-modules-commonjs","visitor":{"Program":{"exit":[null]},"_exploded":true,"_verified":true},"options":{"allowTopLevelThis":true,"strictMode":false,"loose":true}},{"key":"proposal-class-properties","visitor":{"PrivateName":{"enter":[null]},"ExportDefaultDeclaration":{"enter":[null]},"_exploded":true,"_verified":true,"ClassDeclaration":{"enter":[null]},"ClassExpression":{"enter":[null]}},"options":{"loose":true}}],"presets":[],"generatorOpts":{"filename":"/Users/timothyliles/Documents/careers-in-code-sandbox/timLiles/feedback/imports/api/feedback.js","comments":true,"compact":false,"sourceMaps":true,"sourceFileName":"imports/api/feedback.js"}},"code":"module.export({\n  Feedback: () => Feedback\n});\nlet Mongo;\nmodule.link(\"meteor/mongo\", {\n  Mongo(v) {\n    Mongo = v;\n  }\n\n}, 0);\nlet Meteor;\nmodule.link(\"meteor/meteor\", {\n  Meteor(v) {\n    Meteor = v;\n  }\n\n}, 1);\n\nif (Meteor.isServer) {\n  Meteor.publish(\"feedback\", function feedbackPublication() {\n    if (this.userID) {\n      return Feedback.find();\n    } else {\n      return null;\n    }\n  });\n}\n\nMeteor.methods({\n  \"feedback.update\"(feedbackID, updateFeedback) {\n    if (this.userId) {\n      Feedback.update(feedbackID, {\n        $set: {\n          message: updatedFeedback\n        }\n      });\n    } else {\n      throw new Meteor.Error(\"not-authorized. Goodbye :)\");\n    }\n  }\n\n});\nconst Feedback = new Mongo.Collection(\"Feedback\");","map":{"version":3,"sources":["imports/api/feedback.js"],"names":["module","export","Feedback","Mongo","link","v","Meteor","isServer","publish","feedbackPublication","userID","find","methods","feedbackID","updateFeedback","userId","update","$set","message","updatedFeedback","Error","Collection"],"mappings":"AAAAA,MAAM,CAACC,MAAP,CAAc;AAACC,EAAAA,QAAQ,EAAC,MAAIA;AAAd,CAAd;AAAuC,IAAIC,KAAJ;AAAUH,MAAM,CAACI,IAAP,CAAY,cAAZ,EAA2B;AAACD,EAAAA,KAAK,CAACE,CAAD,EAAG;AAACF,IAAAA,KAAK,GAACE,CAAN;AAAQ;;AAAlB,CAA3B,EAA+C,CAA/C;AAAkD,IAAIC,MAAJ;AAAWN,MAAM,CAACI,IAAP,CAAY,eAAZ,EAA4B;AAACE,EAAAA,MAAM,CAACD,CAAD,EAAG;AAACC,IAAAA,MAAM,GAACD,CAAP;AAAS;;AAApB,CAA5B,EAAkD,CAAlD;;AAG9G,IAAIC,MAAM,CAACC,QAAX,EAAqB;AACjBD,EAAAA,MAAM,CAACE,OAAP,CAAe,UAAf,EAA2B,SAC3BC,mBAD2B,GACL;AAClB,QAAI,KAAKC,MAAT,EAAiB;AACb,aAAOR,QAAQ,CAACS,IAAT,EAAP;AACH,KAFD,MAEO;AACH,aAAO,IAAP;AACH;AACJ,GAPD;AAQH;;AAEDL,MAAM,CAACM,OAAP,CAAe;AACX,oBAAkBC,UAAlB,EACIC,cADJ,EACoB;AACZ,QAAI,KAAKC,MAAT,EAAiB;AACbb,MAAAA,QAAQ,CAACc,MAAT,CAAgBH,UAAhB,EAA4B;AACxBI,QAAAA,IAAI,EAAE;AAAEC,UAAAA,OAAO,EAAEC;AAAX;AADkB,OAA5B;AAGH,KAJD,MAIO;AACH,YAAM,IAAIb,MAAM,CAACc,KAAX,CACL,4BADK,CAAN;AAEH;AACJ;;AAXM,CAAf;AAcO,MAAMlB,QAAQ,GAAG,IAAIC,KAAK,CAACkB,UAAV,CAAqB,UAArB,CAAjB","sourcesContent":["import { Mongo } from \"meteor/mongo\";\nimport { Meteor } from \"meteor/meteor\";\n\nif (Meteor.isServer) {\n    Meteor.publish(\"feedback\", function\n    feedbackPublication() {\n        if (this.userID) {\n            return Feedback.find();\n        } else {\n            return null;\n        }\n    });\n}\n\nMeteor.methods({\n    \"feedback.update\"(feedbackID,\n        updateFeedback) {\n            if (this.userId) {\n                Feedback.update(feedbackID, {\n                    $set: { message: updatedFeedback}\n                });\n            } else {\n                throw new Meteor.Error\n                (\"not-authorized. Goodbye :)\")\n            }\n        }\n});\n\nexport const Feedback = new Mongo.Collection(\"Feedback\");\n"]},"sourceType":"script","hash":"d8210950600c3d6e2b636c260a60eb74e6680367"}
