{"metadata":{},"options":{"compact":false,"sourceMaps":true,"ast":true,"babelrc":false,"configFile":false,"parserOpts":{"sourceType":"module","sourceFileName":"/Users/timothyliles/Documents/careers-in-code-sandbox/timLiles/feedback/packages/accounts-password/email_templates.js","plugins":["*","flow","jsx","asyncGenerators","bigInt","classPrivateMethods","classPrivateProperties","classProperties","doExpressions","dynamicImport","exportDefaultFrom","exportExtensions","exportNamespaceFrom","functionBind","functionSent","importMeta","nullishCoalescingOperator","numericSeparator","objectRestSpread","optionalCatchBinding","optionalChaining",["pipelineOperator",{"proposal":"minimal"}],"throwExpressions","jsx",["flow",{}],["flow",{}],"objectRestSpread","objectRestSpread","dynamicImport","asyncGenerators","classProperties","classPrivateProperties"],"allowImportExportEverywhere":true,"allowReturnOutsideFunction":true,"strictMode":false},"caller":{"name":"meteor","arch":"os.osx.x86_64"},"sourceFileName":"packages/accounts-password/email_templates.js","filename":"/Users/timothyliles/Documents/careers-in-code-sandbox/timLiles/feedback/packages/accounts-password/email_templates.js","passPerPreset":false,"envName":"development","cwd":"/Users/timothyliles/Documents/careers-in-code-sandbox/timLiles/feedback","root":"/Users/timothyliles/Documents/careers-in-code-sandbox/timLiles/feedback","plugins":[{"key":"transform-react-jsx","visitor":{"_exploded":{},"_verified":{},"JSXNamespacedName":{"enter":[null]},"JSXSpreadChild":{"enter":[null]},"JSXElement":{"exit":[null]},"JSXFragment":{"exit":[null]},"Program":{"enter":[null],"exit":[null]},"JSXAttribute":{"enter":[null]}},"options":{"pragma":"React.createElement","pragmaFrag":"React.Fragment","throwIfNamespace":true,"useBuiltIns":false}},{"key":"transform-react-display-name","visitor":{"ExportDefaultDeclaration":{"enter":[null]},"CallExpression":{"enter":[null]},"_exploded":true,"_verified":true},"options":{}},{"key":"base$0$0","visitor":{"Program":{"enter":[null]},"_exploded":true,"_verified":true},"options":{"generateLetDeclarations":true,"enforceStrictMode":false}},{"key":"syntax-flow","visitor":{"_exploded":true,"_verified":true},"options":{}},{"key":"transform-flow-strip-types","visitor":{"_exploded":{},"_verified":{},"Program":{"enter":[null]},"ImportDeclaration":{"enter":[null,null]},"ClassProperty":{"enter":[null]},"ClassPrivateProperty":{"enter":[null]},"AssignmentPattern":{"enter":[null]},"TypeCastExpression":{"enter":[null,null]},"CallExpression":{"enter":[null]},"OptionalCallExpression":{"enter":[null]},"NewExpression":{"enter":[null]},"ImportSpecifier":{"enter":[null]},"ClassDeclaration":{"enter":[null]},"ClassExpression":{"enter":[null]},"FunctionDeclaration":{"enter":[null]},"FunctionExpression":{"enter":[null]},"ObjectMethod":{"enter":[null]},"ArrowFunctionExpression":{"enter":[null]},"ClassMethod":{"enter":[null]},"ClassPrivateMethod":{"enter":[null]},"AnyTypeAnnotation":{"enter":[null]},"ArrayTypeAnnotation":{"enter":[null]},"BooleanTypeAnnotation":{"enter":[null]},"BooleanLiteralTypeAnnotation":{"enter":[null]},"NullLiteralTypeAnnotation":{"enter":[null]},"ClassImplements":{"enter":[null]},"DeclareClass":{"enter":[null]},"DeclareFunction":{"enter":[null]},"DeclareInterface":{"enter":[null]},"DeclareModule":{"enter":[null]},"DeclareModuleExports":{"enter":[null]},"DeclareTypeAlias":{"enter":[null]},"DeclareOpaqueType":{"enter":[null]},"DeclareVariable":{"enter":[null]},"DeclareExportDeclaration":{"enter":[null]},"DeclareExportAllDeclaration":{"enter":[null]},"DeclaredPredicate":{"enter":[null]},"ExistsTypeAnnotation":{"enter":[null]},"FunctionTypeAnnotation":{"enter":[null]},"FunctionTypeParam":{"enter":[null]},"GenericTypeAnnotation":{"enter":[null]},"InferredPredicate":{"enter":[null]},"InterfaceExtends":{"enter":[null]},"InterfaceDeclaration":{"enter":[null]},"InterfaceTypeAnnotation":{"enter":[null]},"IntersectionTypeAnnotation":{"enter":[null]},"MixedTypeAnnotation":{"enter":[null]},"EmptyTypeAnnotation":{"enter":[null]},"NullableTypeAnnotation":{"enter":[null]},"NumberLiteralTypeAnnotation":{"enter":[null]},"NumberTypeAnnotation":{"enter":[null]},"ObjectTypeAnnotation":{"enter":[null]},"ObjectTypeInternalSlot":{"enter":[null]},"ObjectTypeCallProperty":{"enter":[null]},"ObjectTypeIndexer":{"enter":[null]},"ObjectTypeProperty":{"enter":[null]},"ObjectTypeSpreadProperty":{"enter":[null]},"OpaqueType":{"enter":[null]},"QualifiedTypeIdentifier":{"enter":[null]},"StringLiteralTypeAnnotation":{"enter":[null]},"StringTypeAnnotation":{"enter":[null]},"ThisTypeAnnotation":{"enter":[null]},"TupleTypeAnnotation":{"enter":[null]},"TypeofTypeAnnotation":{"enter":[null]},"TypeAlias":{"enter":[null]},"TypeAnnotation":{"enter":[null]},"TypeParameter":{"enter":[null]},"TypeParameterDeclaration":{"enter":[null]},"TypeParameterInstantiation":{"enter":[null]},"UnionTypeAnnotation":{"enter":[null]},"Variance":{"enter":[null]},"VoidTypeAnnotation":{"enter":[null]},"ExportAllDeclaration":{"enter":[null]},"ExportDefaultDeclaration":{"enter":[null]},"ExportNamedDeclaration":{"enter":[null]}},"options":{}},{"key":"transform-runtime","visitor":{"CallExpression":{"enter":[null]},"BinaryExpression":{"enter":[null]},"MemberExpression":{"enter":[null],"exit":[null]},"_exploded":true,"_verified":true,"Identifier":{"enter":[null]},"JSXIdentifier":{"enter":[null]}},"options":{}},{"key":"syntax-object-rest-spread","visitor":{"_exploded":true,"_verified":true},"options":{}},{"key":"proposal-object-rest-spread","visitor":{"_exploded":{},"_verified":{},"VariableDeclarator":{"enter":[null]},"ExportNamedDeclaration":{"enter":[null]},"CatchClause":{"enter":[null]},"AssignmentExpression":{"enter":[null]},"ObjectExpression":{"enter":[null]},"FunctionDeclaration":{"enter":[null]},"FunctionExpression":{"enter":[null]},"ObjectMethod":{"enter":[null]},"ArrowFunctionExpression":{"enter":[null]},"ClassMethod":{"enter":[null]},"ClassPrivateMethod":{"enter":[null]},"ForInStatement":{"enter":[null]},"ForOfStatement":{"enter":[null]}},"options":{}},{"key":"transform-meteor-async-await","visitor":{"AwaitExpression":{"enter":[null]},"_exploded":true,"_verified":true,"FunctionDeclaration":{"exit":[null]},"FunctionExpression":{"exit":[null]},"ObjectMethod":{"exit":[null]},"ArrowFunctionExpression":{"exit":[null]},"ClassMethod":{"exit":[null]},"ClassPrivateMethod":{"exit":[null]}},"options":{"useNativeAsyncAwait":false}},{"key":"transform-meteor-dynamic-import","visitor":{"_exploded":{},"_verified":{},"CallExpression":{"enter":[null]}},"options":{}},{"key":"proposal-async-generator-functions","visitor":{"_exploded":{},"_verified":{},"Program":{"enter":[null]}},"options":{}},{"key":"transform-modules-commonjs","visitor":{"Program":{"exit":[null]},"_exploded":true,"_verified":true},"options":{"allowTopLevelThis":true,"strictMode":false,"loose":true}},{"key":"proposal-class-properties","visitor":{"PrivateName":{"enter":[null]},"ExportDefaultDeclaration":{"enter":[null]},"_exploded":true,"_verified":true,"ClassDeclaration":{"enter":[null]},"ClassExpression":{"enter":[null]}},"options":{"loose":true}}],"presets":[],"generatorOpts":{"filename":"/Users/timothyliles/Documents/careers-in-code-sandbox/timLiles/feedback/packages/accounts-password/email_templates.js","comments":true,"compact":false,"sourceMaps":true,"sourceFileName":"packages/accounts-password/email_templates.js"}},"code":"function greet(welcomeMsg) {\n  return function (user, url) {\n    var greeting = user.profile && user.profile.name ? \"Hello \" + user.profile.name + \",\" : \"Hello,\";\n    return `${greeting}\n\n${welcomeMsg}, simply click the link below.\n\n${url}\n\nThanks.\n`;\n  };\n}\n/**\n * @summary Options to customize emails sent from the Accounts system.\n * @locus Server\n * @importFromPackage accounts-base\n */\n\n\nAccounts.emailTemplates = {\n  from: \"Accounts Example <no-reply@example.com>\",\n  siteName: Meteor.absoluteUrl().replace(/^https?:\\/\\//, '').replace(/\\/$/, ''),\n  resetPassword: {\n    subject: function (user) {\n      return \"How to reset your password on \" + Accounts.emailTemplates.siteName;\n    },\n    text: greet(\"To reset your password\")\n  },\n  verifyEmail: {\n    subject: function (user) {\n      return \"How to verify email address on \" + Accounts.emailTemplates.siteName;\n    },\n    text: greet(\"To verify your account email\")\n  },\n  enrollAccount: {\n    subject: function (user) {\n      return \"An account has been created for you on \" + Accounts.emailTemplates.siteName;\n    },\n    text: greet(\"To start using the service\")\n  }\n};","map":{"version":3,"sources":["packages/accounts-password/email_templates.js"],"names":["greet","welcomeMsg","user","url","greeting","profile","name","Accounts","emailTemplates","from","siteName","Meteor","absoluteUrl","replace","resetPassword","subject","text","verifyEmail","enrollAccount"],"mappings":"AAAA,SAASA,KAAT,CAAeC,UAAf,EAA2B;AACzB,SAAO,UAASC,IAAT,EAAeC,GAAf,EAAoB;AACvB,QAAIC,QAAQ,GAAIF,IAAI,CAACG,OAAL,IAAgBH,IAAI,CAACG,OAAL,CAAaC,IAA9B,GACR,WAAWJ,IAAI,CAACG,OAAL,CAAaC,IAAxB,GAA+B,GADvB,GAC8B,QAD7C;AAEA,WAAQ,GAAEF,QAAS;;EAEvBH,UAAW;;EAEXE,GAAI;;;CAJA;AAQH,GAXD;AAYD;AAED;;;;;;;AAKAI,QAAQ,CAACC,cAAT,GAA0B;AACxBC,EAAAA,IAAI,EAAE,yCADkB;AAExBC,EAAAA,QAAQ,EAAEC,MAAM,CAACC,WAAP,GAAqBC,OAArB,CAA6B,cAA7B,EAA6C,EAA7C,EAAiDA,OAAjD,CAAyD,KAAzD,EAAgE,EAAhE,CAFc;AAIxBC,EAAAA,aAAa,EAAE;AACbC,IAAAA,OAAO,EAAE,UAASb,IAAT,EAAe;AACtB,aAAO,mCAAmCK,QAAQ,CAACC,cAAT,CAAwBE,QAAlE;AACD,KAHY;AAIbM,IAAAA,IAAI,EAAEhB,KAAK,CAAC,wBAAD;AAJE,GAJS;AAUxBiB,EAAAA,WAAW,EAAE;AACXF,IAAAA,OAAO,EAAE,UAASb,IAAT,EAAe;AACtB,aAAO,oCAAoCK,QAAQ,CAACC,cAAT,CAAwBE,QAAnE;AACD,KAHU;AAIXM,IAAAA,IAAI,EAAEhB,KAAK,CAAC,8BAAD;AAJA,GAVW;AAgBxBkB,EAAAA,aAAa,EAAE;AACbH,IAAAA,OAAO,EAAE,UAASb,IAAT,EAAe;AACtB,aAAO,4CAA4CK,QAAQ,CAACC,cAAT,CAAwBE,QAA3E;AACD,KAHY;AAIbM,IAAAA,IAAI,EAAEhB,KAAK,CAAC,4BAAD;AAJE;AAhBS,CAA1B","sourcesContent":["function greet(welcomeMsg) {\n  return function(user, url) {\n      var greeting = (user.profile && user.profile.name) ?\n            (\"Hello \" + user.profile.name + \",\") : \"Hello,\";\n      return `${greeting}\n\n${welcomeMsg}, simply click the link below.\n\n${url}\n\nThanks.\n`;\n  };\n}\n\n/**\n * @summary Options to customize emails sent from the Accounts system.\n * @locus Server\n * @importFromPackage accounts-base\n */\nAccounts.emailTemplates = {\n  from: \"Accounts Example <no-reply@example.com>\",\n  siteName: Meteor.absoluteUrl().replace(/^https?:\\/\\//, '').replace(/\\/$/, ''),\n\n  resetPassword: {\n    subject: function(user) {\n      return \"How to reset your password on \" + Accounts.emailTemplates.siteName;\n    },\n    text: greet(\"To reset your password\")\n  },\n  verifyEmail: {\n    subject: function(user) {\n      return \"How to verify email address on \" + Accounts.emailTemplates.siteName;\n    },\n    text: greet(\"To verify your account email\")\n  },\n  enrollAccount: {\n    subject: function(user) {\n      return \"An account has been created for you on \" + Accounts.emailTemplates.siteName;\n    },\n    text: greet(\"To start using the service\")\n  }\n};\n"]},"sourceType":"script","hash":"d8ac66c5d2402f54fa262292607360df47d20400"}
