{"metadata":{},"options":{"compact":false,"sourceMaps":true,"ast":true,"babelrc":false,"configFile":false,"parserOpts":{"sourceType":"module","sourceFileName":"/Users/timothyliles/Documents/careers-in-code-sandbox/timLiles/feedback/imports/ui/AccountsUIWrapper.js","plugins":["*","flow","jsx","asyncGenerators","bigInt","classPrivateMethods","classPrivateProperties","classProperties","doExpressions","dynamicImport","exportDefaultFrom","exportExtensions","exportNamespaceFrom","functionBind","functionSent","importMeta","nullishCoalescingOperator","numericSeparator","objectRestSpread","optionalCatchBinding","optionalChaining",["pipelineOperator",{"proposal":"minimal"}],"throwExpressions","dynamicImport","classProperties","classPrivateProperties","jsx",["flow",{}],"asyncGenerators","objectRestSpread","objectRestSpread",["flow",{}],"asyncGenerators"],"allowImportExportEverywhere":true,"allowReturnOutsideFunction":true,"strictMode":false},"caller":{"name":"meteor","arch":"web.browser"},"sourceFileName":"imports/ui/AccountsUIWrapper.js","filename":"/Users/timothyliles/Documents/careers-in-code-sandbox/timLiles/feedback/imports/ui/AccountsUIWrapper.js","passPerPreset":false,"envName":"development","cwd":"/Users/timothyliles/Documents/careers-in-code-sandbox/timLiles/feedback","root":"/Users/timothyliles/Documents/careers-in-code-sandbox/timLiles/feedback","plugins":[{"key":"base$0$0","visitor":{"Program":{"enter":[null]},"_exploded":true,"_verified":true},"options":{"generateLetDeclarations":true,"enforceStrictMode":false}},{"key":"transform-meteor-dynamic-import","visitor":{"_exploded":{},"_verified":{},"CallExpression":{"enter":[null]}},"options":{}},{"key":"transform-runtime","visitor":{"CallExpression":{"enter":[null]},"BinaryExpression":{"enter":[null]},"MemberExpression":{"enter":[null],"exit":[null]},"_exploded":true,"_verified":true,"Identifier":{"enter":[null]},"JSXIdentifier":{"enter":[null]}},"options":{}},{"key":"proposal-class-properties","visitor":{"PrivateName":{"enter":[null]},"ExportDefaultDeclaration":{"enter":[null]},"_exploded":true,"_verified":true,"ClassDeclaration":{"enter":[null]},"ClassExpression":{"enter":[null]}},"options":{"loose":true}},{"key":"transform-modules-commonjs","visitor":{"Program":{"exit":[null]},"_exploded":true,"_verified":true},"options":{"allowTopLevelThis":true,"strictMode":false,"loose":true}},{"key":"transform-react-jsx","visitor":{"_exploded":{},"_verified":{},"JSXNamespacedName":{"enter":[null]},"JSXSpreadChild":{"enter":[null]},"JSXElement":{"exit":[null]},"JSXFragment":{"exit":[null]},"Program":{"enter":[null],"exit":[null]},"JSXAttribute":{"enter":[null]}},"options":{"pragma":"React.createElement","pragmaFrag":"React.Fragment","throwIfNamespace":true,"useBuiltIns":false}},{"key":"transform-react-display-name","visitor":{"ExportDefaultDeclaration":{"enter":[null]},"CallExpression":{"enter":[null]},"_exploded":true,"_verified":true},"options":{}},{"key":"syntax-flow","visitor":{"_exploded":true,"_verified":true},"options":{}},{"key":"syntax-async-generators","visitor":{"_exploded":true,"_verified":true},"options":{}},{"key":"syntax-object-rest-spread","visitor":{"_exploded":true,"_verified":true},"options":{}},{"key":"transform-for-of","visitor":{"ForOfStatement":{"enter":[null]},"_exploded":true,"_verified":true},"options":{"loose":true}},{"key":"transform-literals","visitor":{"NumericLiteral":{"enter":[null]},"StringLiteral":{"enter":[null]},"_exploded":true,"_verified":true},"options":{}},{"key":"transform-template-literals","visitor":{"TaggedTemplateExpression":{"enter":[null]},"TemplateLiteral":{"enter":[null]},"_exploded":true,"_verified":true},"options":{}},{"key":"transform-parameters","visitor":{"_exploded":true,"_verified":true,"FunctionDeclaration":{"enter":[null]},"FunctionExpression":{"enter":[null]},"ObjectMethod":{"enter":[null]},"ArrowFunctionExpression":{"enter":[null]},"ClassMethod":{"enter":[null]},"ClassPrivateMethod":{"enter":[null]}},"options":{}},{"key":"proposal-object-rest-spread","visitor":{"_exploded":{},"_verified":{},"VariableDeclarator":{"enter":[null]},"ExportNamedDeclaration":{"enter":[null]},"CatchClause":{"enter":[null]},"AssignmentExpression":{"enter":[null]},"ObjectExpression":{"enter":[null]},"FunctionDeclaration":{"enter":[null]},"FunctionExpression":{"enter":[null]},"ObjectMethod":{"enter":[null]},"ArrowFunctionExpression":{"enter":[null]},"ClassMethod":{"enter":[null]},"ClassPrivateMethod":{"enter":[null]},"ForInStatement":{"enter":[null]},"ForOfStatement":{"enter":[null]}},"options":{}},{"key":"transform-flow-strip-types","visitor":{"_exploded":{},"_verified":{},"Program":{"enter":[null]},"ImportDeclaration":{"enter":[null,null]},"ClassProperty":{"enter":[null]},"ClassPrivateProperty":{"enter":[null]},"AssignmentPattern":{"enter":[null]},"TypeCastExpression":{"enter":[null,null]},"CallExpression":{"enter":[null]},"OptionalCallExpression":{"enter":[null]},"NewExpression":{"enter":[null]},"ImportSpecifier":{"enter":[null]},"ClassDeclaration":{"enter":[null]},"ClassExpression":{"enter":[null]},"FunctionDeclaration":{"enter":[null]},"FunctionExpression":{"enter":[null]},"ObjectMethod":{"enter":[null]},"ArrowFunctionExpression":{"enter":[null]},"ClassMethod":{"enter":[null]},"ClassPrivateMethod":{"enter":[null]},"AnyTypeAnnotation":{"enter":[null]},"ArrayTypeAnnotation":{"enter":[null]},"BooleanTypeAnnotation":{"enter":[null]},"BooleanLiteralTypeAnnotation":{"enter":[null]},"NullLiteralTypeAnnotation":{"enter":[null]},"ClassImplements":{"enter":[null]},"DeclareClass":{"enter":[null]},"DeclareFunction":{"enter":[null]},"DeclareInterface":{"enter":[null]},"DeclareModule":{"enter":[null]},"DeclareModuleExports":{"enter":[null]},"DeclareTypeAlias":{"enter":[null]},"DeclareOpaqueType":{"enter":[null]},"DeclareVariable":{"enter":[null]},"DeclareExportDeclaration":{"enter":[null]},"DeclareExportAllDeclaration":{"enter":[null]},"DeclaredPredicate":{"enter":[null]},"ExistsTypeAnnotation":{"enter":[null]},"FunctionTypeAnnotation":{"enter":[null]},"FunctionTypeParam":{"enter":[null]},"GenericTypeAnnotation":{"enter":[null]},"InferredPredicate":{"enter":[null]},"InterfaceExtends":{"enter":[null]},"InterfaceDeclaration":{"enter":[null]},"InterfaceTypeAnnotation":{"enter":[null]},"IntersectionTypeAnnotation":{"enter":[null]},"MixedTypeAnnotation":{"enter":[null]},"EmptyTypeAnnotation":{"enter":[null]},"NullableTypeAnnotation":{"enter":[null]},"NumberLiteralTypeAnnotation":{"enter":[null]},"NumberTypeAnnotation":{"enter":[null]},"ObjectTypeAnnotation":{"enter":[null]},"ObjectTypeInternalSlot":{"enter":[null]},"ObjectTypeCallProperty":{"enter":[null]},"ObjectTypeIndexer":{"enter":[null]},"ObjectTypeProperty":{"enter":[null]},"ObjectTypeSpreadProperty":{"enter":[null]},"OpaqueType":{"enter":[null]},"QualifiedTypeIdentifier":{"enter":[null]},"StringLiteralTypeAnnotation":{"enter":[null]},"StringTypeAnnotation":{"enter":[null]},"ThisTypeAnnotation":{"enter":[null]},"TupleTypeAnnotation":{"enter":[null]},"TypeofTypeAnnotation":{"enter":[null]},"TypeAlias":{"enter":[null]},"TypeAnnotation":{"enter":[null]},"TypeParameter":{"enter":[null]},"TypeParameterDeclaration":{"enter":[null]},"TypeParameterInstantiation":{"enter":[null]},"UnionTypeAnnotation":{"enter":[null]},"Variance":{"enter":[null]},"VoidTypeAnnotation":{"enter":[null]},"ExportAllDeclaration":{"enter":[null]},"ExportDefaultDeclaration":{"enter":[null]},"ExportNamedDeclaration":{"enter":[null]}},"options":{}},{"key":"transform-exponentiation-operator","visitor":{"AssignmentExpression":{"enter":[null]},"BinaryExpression":{"enter":[null]},"_exploded":true,"_verified":true},"options":{}},{"key":"proposal-async-generator-functions","visitor":{"_exploded":{},"_verified":{},"Program":{"enter":[null]}},"options":{}}],"presets":[],"generatorOpts":{"filename":"/Users/timothyliles/Documents/careers-in-code-sandbox/timLiles/feedback/imports/ui/AccountsUIWrapper.js","comments":true,"compact":false,"sourceMaps":true,"sourceFileName":"imports/ui/AccountsUIWrapper.js"}},"code":"module.export({\n  default: () => AccountsUIWrapper\n});\nlet React, Component;\nmodule.link(\"react\", {\n  default(v) {\n    React = v;\n  },\n\n  Component(v) {\n    Component = v;\n  }\n\n}, 0);\nlet ReactDOM;\nmodule.link(\"react-dom\", {\n  default(v) {\n    ReactDOM = v;\n  }\n\n}, 1);\nlet Template;\nmodule.link(\"meteor/templating\", {\n  Template(v) {\n    Template = v;\n  }\n\n}, 2);\nlet Blaze;\nmodule.link(\"meteor/blaze\", {\n  Blaze(v) {\n    Blaze = v;\n  }\n\n}, 3);\n\nclass AccountsUIWrapper extends Component {\n  componentDidMount() {\n    this.view = Blaze.render(Template.loginButtons, ReactDOM.findDOMNode(this.refs.container));\n  }\n\n  componentsWillUnmount() {\n    Blaze.remove(this.view);\n  }\n\n  render() {\n    return React.createElement(\"span\", {\n      ref: \"container\"\n    });\n  }\n\n}","map":{"version":3,"sources":["imports/ui/AccountsUIWrapper.js"],"names":["module","export","default","AccountsUIWrapper","React","Component","link","v","ReactDOM","Template","Blaze","componentDidMount","view","render","loginButtons","findDOMNode","refs","container","componentsWillUnmount","remove"],"mappings":"AAAAA,MAAM,CAACC,MAAP,CAAc;AAACC,EAAAA,OAAO,EAAC,MAAIC;AAAb,CAAd;AAA+C,IAAIC,KAAJ,EAAUC,SAAV;AAAoBL,MAAM,CAACM,IAAP,CAAY,OAAZ,EAAoB;AAACJ,EAAAA,OAAO,CAACK,CAAD,EAAG;AAACH,IAAAA,KAAK,GAACG,CAAN;AAAQ,GAApB;;AAAqBF,EAAAA,SAAS,CAACE,CAAD,EAAG;AAACF,IAAAA,SAAS,GAACE,CAAV;AAAY;;AAA9C,CAApB,EAAoE,CAApE;AAAuE,IAAIC,QAAJ;AAAaR,MAAM,CAACM,IAAP,CAAY,WAAZ,EAAwB;AAACJ,EAAAA,OAAO,CAACK,CAAD,EAAG;AAACC,IAAAA,QAAQ,GAACD,CAAT;AAAW;;AAAvB,CAAxB,EAAiD,CAAjD;AAAoD,IAAIE,QAAJ;AAAaT,MAAM,CAACM,IAAP,CAAY,mBAAZ,EAAgC;AAACG,EAAAA,QAAQ,CAACF,CAAD,EAAG;AAACE,IAAAA,QAAQ,GAACF,CAAT;AAAW;;AAAxB,CAAhC,EAA0D,CAA1D;AAA6D,IAAIG,KAAJ;AAAUV,MAAM,CAACM,IAAP,CAAY,cAAZ,EAA2B;AAACI,EAAAA,KAAK,CAACH,CAAD,EAAG;AAACG,IAAAA,KAAK,GAACH,CAAN;AAAQ;;AAAlB,CAA3B,EAA+C,CAA/C;;AAKhR,MAAMJ,iBAAN,SAAgCE,SAAhC,CAA0C;AACrDM,EAAAA,iBAAiB,GAAG;AAChB,SAAKC,IAAL,GAAYF,KAAK,CAACG,MAAN,CACRJ,QAAQ,CAACK,YADD,EAERN,QAAQ,CAACO,WAAT,CAAsB,KAAKC,IAAL,CAAUC,SAAhC,CAFQ,CAAZ;AAIH;;AACDC,EAAAA,qBAAqB,GAAG;AACpBR,IAAAA,KAAK,CAACS,MAAN,CAAa,KAAKP,IAAlB;AACH;;AACDC,EAAAA,MAAM,GAAG;AACL,WAAO;AAAM,MAAA,GAAG,EAAC;AAAV,MAAP;AACH;;AAZoD","sourcesContent":["import React, { Component } from \"react\";\nimport ReactDOM from \"react-dom\";\nimport { Template } from \"meteor/templating\";\nimport { Blaze } from \"meteor/blaze\";\n\nexport default class AccountsUIWrapper extends Component {\n    componentDidMount() {\n        this.view = Blaze.render(\n            Template.loginButtons,\n            ReactDOM.findDOMNode (this.refs.container)\n        );\n    }\n    componentsWillUnmount() {\n        Blaze.remove(this.view);\n    }\n    render() {\n        return <span ref=\"container\" />;\n    }\n}"]},"sourceType":"script","hash":"dc52245262f45583d545a721d9ffa4d65172996b"}
