{"metadata":{},"options":{"compact":false,"sourceMaps":true,"ast":true,"babelrc":false,"configFile":false,"parserOpts":{"sourceType":"module","sourceFileName":"/Users/timothyliles/Documents/careers-in-code-sandbox/timLiles/feedback/imports/ui/Routes.jsx","plugins":["*","flow","jsx","asyncGenerators","bigInt","classPrivateMethods","classPrivateProperties","classProperties","doExpressions","dynamicImport","exportDefaultFrom","exportExtensions","exportNamespaceFrom","functionBind","functionSent","importMeta","nullishCoalescingOperator","numericSeparator","objectRestSpread","optionalCatchBinding","optionalChaining",["pipelineOperator",{"proposal":"minimal"}],"throwExpressions","dynamicImport","classProperties","classPrivateProperties","jsx",["flow",{}],"asyncGenerators","objectRestSpread","objectRestSpread",["flow",{}],"asyncGenerators"],"allowImportExportEverywhere":true,"allowReturnOutsideFunction":true,"strictMode":false},"caller":{"name":"meteor","arch":"web.browser.legacy"},"sourceFileName":"imports/ui/Routes.jsx","filename":"/Users/timothyliles/Documents/careers-in-code-sandbox/timLiles/feedback/imports/ui/Routes.jsx","passPerPreset":false,"envName":"development","cwd":"/Users/timothyliles/Documents/careers-in-code-sandbox/timLiles/feedback","root":"/Users/timothyliles/Documents/careers-in-code-sandbox/timLiles/feedback","plugins":[{"key":"base$0$0","visitor":{"Program":{"enter":[null]},"_exploded":true,"_verified":true},"options":{"generateLetDeclarations":true,"enforceStrictMode":false}},{"key":"transform-meteor-dynamic-import","visitor":{"_exploded":{},"_verified":{},"CallExpression":{"enter":[null]}},"options":{}},{"key":"transform-runtime","visitor":{"CallExpression":{"enter":[null]},"BinaryExpression":{"enter":[null]},"MemberExpression":{"enter":[null],"exit":[null]},"_exploded":true,"_verified":true,"Identifier":{"enter":[null]},"JSXIdentifier":{"enter":[null]}},"options":{}},{"key":"proposal-class-properties","visitor":{"PrivateName":{"enter":[null]},"ExportDefaultDeclaration":{"enter":[null]},"_exploded":true,"_verified":true,"ClassDeclaration":{"enter":[null]},"ClassExpression":{"enter":[null]}},"options":{"loose":true}},{"key":"base$0$4","visitor":{"FunctionExpression":{"exit":[null]},"_exploded":true,"_verified":true},"options":{}},{"key":"base$0$5","visitor":{"ForInStatement":{"enter":[null]},"_exploded":true,"_verified":true},"options":{}},{"key":"transform-modules-commonjs","visitor":{"Program":{"exit":[null]},"_exploded":true,"_verified":true},"options":{"allowTopLevelThis":true,"strictMode":false,"loose":true}},{"key":"transform-react-jsx","visitor":{"_exploded":{},"_verified":{},"JSXNamespacedName":{"enter":[null]},"JSXSpreadChild":{"enter":[null]},"JSXElement":{"exit":[null]},"JSXFragment":{"exit":[null]},"Program":{"enter":[null],"exit":[null]},"JSXAttribute":{"enter":[null]}},"options":{"pragma":"React.createElement","pragmaFrag":"React.Fragment","throwIfNamespace":true,"useBuiltIns":false}},{"key":"transform-react-display-name","visitor":{"ExportDefaultDeclaration":{"enter":[null]},"CallExpression":{"enter":[null]},"_exploded":true,"_verified":true},"options":{}},{"key":"syntax-flow","visitor":{"_exploded":true,"_verified":true},"options":{}},{"key":"syntax-async-generators","visitor":{"_exploded":true,"_verified":true},"options":{}},{"key":"transform-arrow-functions","visitor":{"ArrowFunctionExpression":{"enter":[null]},"_exploded":true,"_verified":true},"options":{}},{"key":"transform-block-scoped-functions","visitor":{"BlockStatement":{"enter":[null]},"SwitchCase":{"enter":[null]},"_exploded":true,"_verified":true},"options":{}},{"key":"transform-block-scoping","visitor":{"VariableDeclaration":{"enter":[null]},"CatchClause":{"enter":[null]},"_exploded":true,"BlockStatement":{"enter":[null]},"SwitchStatement":{"enter":[null]},"Program":{"enter":[null]},"_verified":true,"DoWhileStatement":{"enter":[null]},"ForInStatement":{"enter":[null]},"ForStatement":{"enter":[null]},"WhileStatement":{"enter":[null]},"ForOfStatement":{"enter":[null]}},"options":{}},{"key":"transform-classes","visitor":{"ExportDefaultDeclaration":{"enter":[null]},"ClassDeclaration":{"enter":[null]},"ClassExpression":{"enter":[null]},"_exploded":true,"_verified":true},"options":{"loose":true}},{"key":"transform-computed-properties","visitor":{"ObjectExpression":{"exit":[null]},"_exploded":true,"_verified":true},"options":{"loose":true}},{"key":"transform-destructuring","visitor":{"ExportNamedDeclaration":{"enter":[null]},"CatchClause":{"enter":[null]},"AssignmentExpression":{"enter":[null]},"VariableDeclaration":{"enter":[null]},"_exploded":true,"_verified":true,"ForInStatement":{"enter":[null]},"ForOfStatement":{"enter":[null]}},"options":{}},{"key":"transform-for-of","visitor":{"ForOfStatement":{"enter":[null]},"_exploded":true,"_verified":true},"options":{"loose":true}},{"key":"transform-literals","visitor":{"NumericLiteral":{"enter":[null]},"StringLiteral":{"enter":[null]},"_exploded":true,"_verified":true},"options":{}},{"key":"transform-object-super","visitor":{"ObjectExpression":{"enter":[null]},"_exploded":true,"_verified":true},"options":{}},{"key":"transform-parameters","visitor":{"_exploded":true,"_verified":true,"FunctionDeclaration":{"enter":[null]},"FunctionExpression":{"enter":[null]},"ObjectMethod":{"enter":[null]},"ArrowFunctionExpression":{"enter":[null]},"ClassMethod":{"enter":[null]},"ClassPrivateMethod":{"enter":[null]}},"options":{}},{"key":"transform-shorthand-properties","visitor":{"ObjectMethod":{"enter":[null]},"ObjectProperty":{"enter":[null]},"_exploded":true,"_verified":true},"options":{}},{"key":"transform-spread","visitor":{"ArrayExpression":{"enter":[null]},"CallExpression":{"enter":[null]},"NewExpression":{"enter":[null]},"_exploded":true,"_verified":true},"options":{}},{"key":"transform-sticky-regex","visitor":{"RegExpLiteral":{"enter":[null]},"_exploded":true,"_verified":true},"options":{}},{"key":"transform-template-literals","visitor":{"TaggedTemplateExpression":{"enter":[null]},"TemplateLiteral":{"enter":[null]},"_exploded":true,"_verified":true},"options":{"loose":true}},{"key":"transform-typeof-symbol","visitor":{"UnaryExpression":{"enter":[null]},"_exploded":true,"_verified":true,"BlockStatement":{"enter":[null]},"CatchClause":{"enter":[null]},"DoWhileStatement":{"enter":[null]},"ForInStatement":{"enter":[null]},"ForStatement":{"enter":[null]},"FunctionDeclaration":{"enter":[null]},"FunctionExpression":{"enter":[null]},"Program":{"enter":[null]},"ObjectMethod":{"enter":[null]},"SwitchStatement":{"enter":[null]},"WhileStatement":{"enter":[null]},"ArrowFunctionExpression":{"enter":[null]},"ClassDeclaration":{"enter":[null]},"ClassExpression":{"enter":[null]},"ForOfStatement":{"enter":[null]},"ClassMethod":{"enter":[null]},"ClassPrivateMethod":{"enter":[null]}},"options":{}},{"key":"transform-unicode-regex","visitor":{"RegExpLiteral":{"enter":[null]},"_exploded":true,"_verified":true},"options":{}},{"key":"syntax-object-rest-spread","visitor":{"_exploded":true,"_verified":true},"options":{}},{"key":"proposal-object-rest-spread","visitor":{"_exploded":{},"_verified":{},"VariableDeclarator":{"enter":[null]},"ExportNamedDeclaration":{"enter":[null]},"CatchClause":{"enter":[null]},"AssignmentExpression":{"enter":[null]},"ObjectExpression":{"enter":[null]},"FunctionDeclaration":{"enter":[null]},"FunctionExpression":{"enter":[null]},"ObjectMethod":{"enter":[null]},"ArrowFunctionExpression":{"enter":[null]},"ClassMethod":{"enter":[null]},"ClassPrivateMethod":{"enter":[null]},"ForInStatement":{"enter":[null]},"ForOfStatement":{"enter":[null]}},"options":{}},{"key":"transform-property-literals","visitor":{"ObjectProperty":{"exit":[null]},"_exploded":true,"_verified":true},"options":{}},{"key":"transform-flow-strip-types","visitor":{"_exploded":{},"_verified":{},"Program":{"enter":[null]},"ImportDeclaration":{"enter":[null,null]},"ClassProperty":{"enter":[null]},"ClassPrivateProperty":{"enter":[null]},"AssignmentPattern":{"enter":[null]},"TypeCastExpression":{"enter":[null,null]},"CallExpression":{"enter":[null]},"OptionalCallExpression":{"enter":[null]},"NewExpression":{"enter":[null]},"ImportSpecifier":{"enter":[null]},"ClassDeclaration":{"enter":[null]},"ClassExpression":{"enter":[null]},"FunctionDeclaration":{"enter":[null]},"FunctionExpression":{"enter":[null]},"ObjectMethod":{"enter":[null]},"ArrowFunctionExpression":{"enter":[null]},"ClassMethod":{"enter":[null]},"ClassPrivateMethod":{"enter":[null]},"AnyTypeAnnotation":{"enter":[null]},"ArrayTypeAnnotation":{"enter":[null]},"BooleanTypeAnnotation":{"enter":[null]},"BooleanLiteralTypeAnnotation":{"enter":[null]},"NullLiteralTypeAnnotation":{"enter":[null]},"ClassImplements":{"enter":[null]},"DeclareClass":{"enter":[null]},"DeclareFunction":{"enter":[null]},"DeclareInterface":{"enter":[null]},"DeclareModule":{"enter":[null]},"DeclareModuleExports":{"enter":[null]},"DeclareTypeAlias":{"enter":[null]},"DeclareOpaqueType":{"enter":[null]},"DeclareVariable":{"enter":[null]},"DeclareExportDeclaration":{"enter":[null]},"DeclareExportAllDeclaration":{"enter":[null]},"DeclaredPredicate":{"enter":[null]},"ExistsTypeAnnotation":{"enter":[null]},"FunctionTypeAnnotation":{"enter":[null]},"FunctionTypeParam":{"enter":[null]},"GenericTypeAnnotation":{"enter":[null]},"InferredPredicate":{"enter":[null]},"InterfaceExtends":{"enter":[null]},"InterfaceDeclaration":{"enter":[null]},"InterfaceTypeAnnotation":{"enter":[null]},"IntersectionTypeAnnotation":{"enter":[null]},"MixedTypeAnnotation":{"enter":[null]},"EmptyTypeAnnotation":{"enter":[null]},"NullableTypeAnnotation":{"enter":[null]},"NumberLiteralTypeAnnotation":{"enter":[null]},"NumberTypeAnnotation":{"enter":[null]},"ObjectTypeAnnotation":{"enter":[null]},"ObjectTypeInternalSlot":{"enter":[null]},"ObjectTypeCallProperty":{"enter":[null]},"ObjectTypeIndexer":{"enter":[null]},"ObjectTypeProperty":{"enter":[null]},"ObjectTypeSpreadProperty":{"enter":[null]},"OpaqueType":{"enter":[null]},"QualifiedTypeIdentifier":{"enter":[null]},"StringLiteralTypeAnnotation":{"enter":[null]},"StringTypeAnnotation":{"enter":[null]},"ThisTypeAnnotation":{"enter":[null]},"TupleTypeAnnotation":{"enter":[null]},"TypeofTypeAnnotation":{"enter":[null]},"TypeAlias":{"enter":[null]},"TypeAnnotation":{"enter":[null]},"TypeParameter":{"enter":[null]},"TypeParameterDeclaration":{"enter":[null]},"TypeParameterInstantiation":{"enter":[null]},"UnionTypeAnnotation":{"enter":[null]},"Variance":{"enter":[null]},"VoidTypeAnnotation":{"enter":[null]},"ExportAllDeclaration":{"enter":[null]},"ExportDefaultDeclaration":{"enter":[null]},"ExportNamedDeclaration":{"enter":[null]}},"options":{}},{"key":"transform-exponentiation-operator","visitor":{"AssignmentExpression":{"enter":[null]},"BinaryExpression":{"enter":[null]},"_exploded":true,"_verified":true},"options":{}},{"key":"proposal-async-generator-functions","visitor":{"_exploded":{},"_verified":{},"Program":{"enter":[null]}},"options":{}},{"key":"regenerator-transform","visitor":{"_exploded":true,"_verified":true,"FunctionDeclaration":{"exit":[null]},"FunctionExpression":{"exit":[null]},"ObjectMethod":{"exit":[null]},"ArrowFunctionExpression":{"exit":[null]},"ClassMethod":{"exit":[null]},"ClassPrivateMethod":{"exit":[null]}},"options":{}}],"presets":[],"generatorOpts":{"filename":"/Users/timothyliles/Documents/careers-in-code-sandbox/timLiles/feedback/imports/ui/Routes.jsx","comments":true,"compact":false,"sourceMaps":true,"sourceFileName":"imports/ui/Routes.jsx"}},"code":"module.export({\n  renderRoutes: function () {\n    return renderRoutes;\n  }\n});\nvar React;\nmodule.link(\"react\", {\n  \"default\": function (v) {\n    React = v;\n  }\n}, 0);\nvar Router, Route, Switch;\nmodule.link(\"react-route\", {\n  Router: function (v) {\n    Router = v;\n  },\n  Route: function (v) {\n    Route = v;\n  },\n  Switch: function (v) {\n    Switch = v;\n  }\n}, 1);\nvar createBrowserHistory;\nmodule.link(\"history\", {\n  createBrowserHistory: function (v) {\n    createBrowserHistory = v;\n  }\n}, 2);\nvar App;\nmodule.link(\"./App\", {\n  \"default\": function (v) {\n    App = v;\n  }\n}, 3);\nvar HelloWorld;\nmodule.link(\"./HelloWorld\", {\n  \"default\": function (v) {\n    HelloWorld = v;\n  }\n}, 4);\nvar browserHistory = createBrowserHistory();\n\nvar renderRoutes = function () {\n  return React.createElement(Router, {\n    history: browserHistory\n  }, React.createElement(Switch, null, React.createElement(Route, {\n    exact: true,\n    path: \"/helloWorld\",\n    component: HelloWorld\n  }), React.createElement(Route, {\n    exact: true,\n    path: \"/\",\n    component: App\n  })));\n};","map":{"version":3,"sources":["imports/ui/Routes.jsx"],"names":["module","export","renderRoutes","React","link","v","Router","Route","Switch","createBrowserHistory","App","HelloWorld","browserHistory"],"mappings":"AAAAA,MAAM,CAACC,MAAP,CAAc;AAACC,EAAAA,YAAY,EAAC;AAAA,WAAIA,YAAJ;AAAA;AAAd,CAAd;AAA+C,IAAIC,KAAJ;AAAUH,MAAM,CAACI,IAAP,CAAY,OAAZ,EAAoB;AAAA,uBAASC,CAAT,EAAW;AAACF,IAAAA,KAAK,GAACE,CAAN;AAAQ;AAApB,CAApB,EAA0C,CAA1C;AAA6C,IAAIC,MAAJ,EAAWC,KAAX,EAAiBC,MAAjB;AAAwBR,MAAM,CAACI,IAAP,CAAY,aAAZ,EAA0B;AAACE,EAAAA,MAAD,YAAQD,CAAR,EAAU;AAACC,IAAAA,MAAM,GAACD,CAAP;AAAS,GAApB;AAAqBE,EAAAA,KAArB,YAA2BF,CAA3B,EAA6B;AAACE,IAAAA,KAAK,GAACF,CAAN;AAAQ,GAAtC;AAAuCG,EAAAA,MAAvC,YAA8CH,CAA9C,EAAgD;AAACG,IAAAA,MAAM,GAACH,CAAP;AAAS;AAA1D,CAA1B,EAAsF,CAAtF;AAAyF,IAAII,oBAAJ;AAAyBT,MAAM,CAACI,IAAP,CAAY,SAAZ,EAAsB;AAACK,EAAAA,oBAAD,YAAsBJ,CAAtB,EAAwB;AAACI,IAAAA,oBAAoB,GAACJ,CAArB;AAAuB;AAAhD,CAAtB,EAAwE,CAAxE;AAA2E,IAAIK,GAAJ;AAAQV,MAAM,CAACI,IAAP,CAAY,OAAZ,EAAoB;AAAA,uBAASC,CAAT,EAAW;AAACK,IAAAA,GAAG,GAACL,CAAJ;AAAM;AAAlB,CAApB,EAAwC,CAAxC;AAA2C,IAAIM,UAAJ;AAAeX,MAAM,CAACI,IAAP,CAAY,cAAZ,EAA2B;AAAA,uBAASC,CAAT,EAAW;AAACM,IAAAA,UAAU,GAACN,CAAX;AAAa;AAAzB,CAA3B,EAAsD,CAAtD;AAO7X,IAAMO,cAAc,GAAGH,oBAAoB,EAA3C;;AAEO,IAAMP,YAAY,GAAG;AAAA,SACxB,oBAAC,MAAD;AAAQ,IAAA,OAAO,EAAEU;AAAjB,KACI,oBAAC,MAAD,QACI,oBAAC,KAAD;AAAO,IAAA,KAAK,MAAZ;AAAa,IAAA,IAAI,EAAC,aAAlB;AAAgC,IAAA,SAAS,EAAED;AAA3C,IADJ,EAEI,oBAAC,KAAD;AAAO,IAAA,KAAK,MAAZ;AAAa,IAAA,IAAI,EAAC,GAAlB;AAAsB,IAAA,SAAS,EAAED;AAAjC,IAFJ,CADJ,CADwB;AAAA,CAArB","sourcesContent":["import React from \"react\";\nimport { Router, Route, Switch } from \"react-route\";\nimport { createBrowserHistory } from \"history\";\n\nimport App from \"./App\";\nimport HelloWorld from \"./HelloWorld\";\n\nconst browserHistory = createBrowserHistory();\n\nexport const renderRoutes = () => (\n    <Router history={browserHistory}>\n        <Switch>\n            <Route exact path=\"/helloWorld\" component={HelloWorld} />\n            <Route exact path=\"/\" component={App} />\n        </Switch>\n    </Router>\n);"]},"sourceType":"script","hash":"e595afd5ced4de9e28c81c9342873965e6d16b0b"}
