{"metadata":{},"options":{"compact":false,"sourceMaps":true,"ast":true,"babelrc":false,"configFile":false,"parserOpts":{"sourceType":"module","sourceFileName":"/Users/timothyliles/Documents/careers-in-code-sandbox/timLiles/feedback/imports/ui/AccountsUIWrapper.js","plugins":["*","flow","jsx","asyncGenerators","bigInt","classPrivateMethods","classPrivateProperties","classProperties","doExpressions","dynamicImport","exportDefaultFrom","exportExtensions","exportNamespaceFrom","functionBind","functionSent","importMeta","nullishCoalescingOperator","numericSeparator","objectRestSpread","optionalCatchBinding","optionalChaining",["pipelineOperator",{"proposal":"minimal"}],"throwExpressions","dynamicImport","classProperties","classPrivateProperties","jsx",["flow",{}],"asyncGenerators","objectRestSpread","objectRestSpread",["flow",{}],"asyncGenerators"],"allowImportExportEverywhere":true,"allowReturnOutsideFunction":true,"strictMode":false},"caller":{"name":"meteor","arch":"web.browser.legacy"},"sourceFileName":"imports/ui/AccountsUIWrapper.js","filename":"/Users/timothyliles/Documents/careers-in-code-sandbox/timLiles/feedback/imports/ui/AccountsUIWrapper.js","passPerPreset":false,"envName":"development","cwd":"/Users/timothyliles/Documents/careers-in-code-sandbox/timLiles/feedback","root":"/Users/timothyliles/Documents/careers-in-code-sandbox/timLiles/feedback","plugins":[{"key":"base$0$0","visitor":{"Program":{"enter":[null]},"_exploded":true,"_verified":true},"options":{"generateLetDeclarations":true,"enforceStrictMode":false}},{"key":"transform-meteor-dynamic-import","visitor":{"_exploded":{},"_verified":{},"CallExpression":{"enter":[null]}},"options":{}},{"key":"transform-runtime","visitor":{"CallExpression":{"enter":[null]},"BinaryExpression":{"enter":[null]},"MemberExpression":{"enter":[null],"exit":[null]},"_exploded":true,"_verified":true,"Identifier":{"enter":[null]},"JSXIdentifier":{"enter":[null]}},"options":{}},{"key":"proposal-class-properties","visitor":{"PrivateName":{"enter":[null]},"ExportDefaultDeclaration":{"enter":[null]},"_exploded":true,"_verified":true,"ClassDeclaration":{"enter":[null]},"ClassExpression":{"enter":[null]}},"options":{"loose":true}},{"key":"base$0$4","visitor":{"FunctionExpression":{"exit":[null]},"_exploded":true,"_verified":true},"options":{}},{"key":"base$0$5","visitor":{"ForInStatement":{"enter":[null]},"_exploded":true,"_verified":true},"options":{}},{"key":"transform-modules-commonjs","visitor":{"Program":{"exit":[null]},"_exploded":true,"_verified":true},"options":{"allowTopLevelThis":true,"strictMode":false,"loose":true}},{"key":"transform-react-jsx","visitor":{"_exploded":{},"_verified":{},"JSXNamespacedName":{"enter":[null]},"JSXSpreadChild":{"enter":[null]},"JSXElement":{"exit":[null]},"JSXFragment":{"exit":[null]},"Program":{"enter":[null],"exit":[null]},"JSXAttribute":{"enter":[null]}},"options":{"pragma":"React.createElement","pragmaFrag":"React.Fragment","throwIfNamespace":true,"useBuiltIns":false}},{"key":"transform-react-display-name","visitor":{"ExportDefaultDeclaration":{"enter":[null]},"CallExpression":{"enter":[null]},"_exploded":true,"_verified":true},"options":{}},{"key":"syntax-flow","visitor":{"_exploded":true,"_verified":true},"options":{}},{"key":"syntax-async-generators","visitor":{"_exploded":true,"_verified":true},"options":{}},{"key":"transform-arrow-functions","visitor":{"ArrowFunctionExpression":{"enter":[null]},"_exploded":true,"_verified":true},"options":{}},{"key":"transform-block-scoped-functions","visitor":{"BlockStatement":{"enter":[null]},"SwitchCase":{"enter":[null]},"_exploded":true,"_verified":true},"options":{}},{"key":"transform-block-scoping","visitor":{"VariableDeclaration":{"enter":[null]},"CatchClause":{"enter":[null]},"_exploded":true,"BlockStatement":{"enter":[null]},"SwitchStatement":{"enter":[null]},"Program":{"enter":[null]},"_verified":true,"DoWhileStatement":{"enter":[null]},"ForInStatement":{"enter":[null]},"ForStatement":{"enter":[null]},"WhileStatement":{"enter":[null]},"ForOfStatement":{"enter":[null]}},"options":{}},{"key":"transform-classes","visitor":{"ExportDefaultDeclaration":{"enter":[null]},"ClassDeclaration":{"enter":[null]},"ClassExpression":{"enter":[null]},"_exploded":true,"_verified":true},"options":{"loose":true}},{"key":"transform-computed-properties","visitor":{"ObjectExpression":{"exit":[null]},"_exploded":true,"_verified":true},"options":{"loose":true}},{"key":"transform-destructuring","visitor":{"ExportNamedDeclaration":{"enter":[null]},"CatchClause":{"enter":[null]},"AssignmentExpression":{"enter":[null]},"VariableDeclaration":{"enter":[null]},"_exploded":true,"_verified":true,"ForInStatement":{"enter":[null]},"ForOfStatement":{"enter":[null]}},"options":{}},{"key":"transform-for-of","visitor":{"ForOfStatement":{"enter":[null]},"_exploded":true,"_verified":true},"options":{"loose":true}},{"key":"transform-literals","visitor":{"NumericLiteral":{"enter":[null]},"StringLiteral":{"enter":[null]},"_exploded":true,"_verified":true},"options":{}},{"key":"transform-object-super","visitor":{"ObjectExpression":{"enter":[null]},"_exploded":true,"_verified":true},"options":{}},{"key":"transform-parameters","visitor":{"_exploded":true,"_verified":true,"FunctionDeclaration":{"enter":[null]},"FunctionExpression":{"enter":[null]},"ObjectMethod":{"enter":[null]},"ArrowFunctionExpression":{"enter":[null]},"ClassMethod":{"enter":[null]},"ClassPrivateMethod":{"enter":[null]}},"options":{}},{"key":"transform-shorthand-properties","visitor":{"ObjectMethod":{"enter":[null]},"ObjectProperty":{"enter":[null]},"_exploded":true,"_verified":true},"options":{}},{"key":"transform-spread","visitor":{"ArrayExpression":{"enter":[null]},"CallExpression":{"enter":[null]},"NewExpression":{"enter":[null]},"_exploded":true,"_verified":true},"options":{}},{"key":"transform-sticky-regex","visitor":{"RegExpLiteral":{"enter":[null]},"_exploded":true,"_verified":true},"options":{}},{"key":"transform-template-literals","visitor":{"TaggedTemplateExpression":{"enter":[null]},"TemplateLiteral":{"enter":[null]},"_exploded":true,"_verified":true},"options":{"loose":true}},{"key":"transform-typeof-symbol","visitor":{"UnaryExpression":{"enter":[null]},"_exploded":true,"_verified":true,"BlockStatement":{"enter":[null]},"CatchClause":{"enter":[null]},"DoWhileStatement":{"enter":[null]},"ForInStatement":{"enter":[null]},"ForStatement":{"enter":[null]},"FunctionDeclaration":{"enter":[null]},"FunctionExpression":{"enter":[null]},"Program":{"enter":[null]},"ObjectMethod":{"enter":[null]},"SwitchStatement":{"enter":[null]},"WhileStatement":{"enter":[null]},"ArrowFunctionExpression":{"enter":[null]},"ClassDeclaration":{"enter":[null]},"ClassExpression":{"enter":[null]},"ForOfStatement":{"enter":[null]},"ClassMethod":{"enter":[null]},"ClassPrivateMethod":{"enter":[null]}},"options":{}},{"key":"transform-unicode-regex","visitor":{"RegExpLiteral":{"enter":[null]},"_exploded":true,"_verified":true},"options":{}},{"key":"syntax-object-rest-spread","visitor":{"_exploded":true,"_verified":true},"options":{}},{"key":"proposal-object-rest-spread","visitor":{"_exploded":{},"_verified":{},"VariableDeclarator":{"enter":[null]},"ExportNamedDeclaration":{"enter":[null]},"CatchClause":{"enter":[null]},"AssignmentExpression":{"enter":[null]},"ObjectExpression":{"enter":[null]},"FunctionDeclaration":{"enter":[null]},"FunctionExpression":{"enter":[null]},"ObjectMethod":{"enter":[null]},"ArrowFunctionExpression":{"enter":[null]},"ClassMethod":{"enter":[null]},"ClassPrivateMethod":{"enter":[null]},"ForInStatement":{"enter":[null]},"ForOfStatement":{"enter":[null]}},"options":{}},{"key":"transform-property-literals","visitor":{"ObjectProperty":{"exit":[null]},"_exploded":true,"_verified":true},"options":{}},{"key":"transform-flow-strip-types","visitor":{"_exploded":{},"_verified":{},"Program":{"enter":[null]},"ImportDeclaration":{"enter":[null,null]},"ClassProperty":{"enter":[null]},"ClassPrivateProperty":{"enter":[null]},"AssignmentPattern":{"enter":[null]},"TypeCastExpression":{"enter":[null,null]},"CallExpression":{"enter":[null]},"OptionalCallExpression":{"enter":[null]},"NewExpression":{"enter":[null]},"ImportSpecifier":{"enter":[null]},"ClassDeclaration":{"enter":[null]},"ClassExpression":{"enter":[null]},"FunctionDeclaration":{"enter":[null]},"FunctionExpression":{"enter":[null]},"ObjectMethod":{"enter":[null]},"ArrowFunctionExpression":{"enter":[null]},"ClassMethod":{"enter":[null]},"ClassPrivateMethod":{"enter":[null]},"AnyTypeAnnotation":{"enter":[null]},"ArrayTypeAnnotation":{"enter":[null]},"BooleanTypeAnnotation":{"enter":[null]},"BooleanLiteralTypeAnnotation":{"enter":[null]},"NullLiteralTypeAnnotation":{"enter":[null]},"ClassImplements":{"enter":[null]},"DeclareClass":{"enter":[null]},"DeclareFunction":{"enter":[null]},"DeclareInterface":{"enter":[null]},"DeclareModule":{"enter":[null]},"DeclareModuleExports":{"enter":[null]},"DeclareTypeAlias":{"enter":[null]},"DeclareOpaqueType":{"enter":[null]},"DeclareVariable":{"enter":[null]},"DeclareExportDeclaration":{"enter":[null]},"DeclareExportAllDeclaration":{"enter":[null]},"DeclaredPredicate":{"enter":[null]},"ExistsTypeAnnotation":{"enter":[null]},"FunctionTypeAnnotation":{"enter":[null]},"FunctionTypeParam":{"enter":[null]},"GenericTypeAnnotation":{"enter":[null]},"InferredPredicate":{"enter":[null]},"InterfaceExtends":{"enter":[null]},"InterfaceDeclaration":{"enter":[null]},"InterfaceTypeAnnotation":{"enter":[null]},"IntersectionTypeAnnotation":{"enter":[null]},"MixedTypeAnnotation":{"enter":[null]},"EmptyTypeAnnotation":{"enter":[null]},"NullableTypeAnnotation":{"enter":[null]},"NumberLiteralTypeAnnotation":{"enter":[null]},"NumberTypeAnnotation":{"enter":[null]},"ObjectTypeAnnotation":{"enter":[null]},"ObjectTypeInternalSlot":{"enter":[null]},"ObjectTypeCallProperty":{"enter":[null]},"ObjectTypeIndexer":{"enter":[null]},"ObjectTypeProperty":{"enter":[null]},"ObjectTypeSpreadProperty":{"enter":[null]},"OpaqueType":{"enter":[null]},"QualifiedTypeIdentifier":{"enter":[null]},"StringLiteralTypeAnnotation":{"enter":[null]},"StringTypeAnnotation":{"enter":[null]},"ThisTypeAnnotation":{"enter":[null]},"TupleTypeAnnotation":{"enter":[null]},"TypeofTypeAnnotation":{"enter":[null]},"TypeAlias":{"enter":[null]},"TypeAnnotation":{"enter":[null]},"TypeParameter":{"enter":[null]},"TypeParameterDeclaration":{"enter":[null]},"TypeParameterInstantiation":{"enter":[null]},"UnionTypeAnnotation":{"enter":[null]},"Variance":{"enter":[null]},"VoidTypeAnnotation":{"enter":[null]},"ExportAllDeclaration":{"enter":[null]},"ExportDefaultDeclaration":{"enter":[null]},"ExportNamedDeclaration":{"enter":[null]}},"options":{}},{"key":"transform-exponentiation-operator","visitor":{"AssignmentExpression":{"enter":[null]},"BinaryExpression":{"enter":[null]},"_exploded":true,"_verified":true},"options":{}},{"key":"proposal-async-generator-functions","visitor":{"_exploded":{},"_verified":{},"Program":{"enter":[null]}},"options":{}},{"key":"regenerator-transform","visitor":{"_exploded":true,"_verified":true,"FunctionDeclaration":{"exit":[null]},"FunctionExpression":{"exit":[null]},"ObjectMethod":{"exit":[null]},"ArrowFunctionExpression":{"exit":[null]},"ClassMethod":{"exit":[null]},"ClassPrivateMethod":{"exit":[null]}},"options":{}}],"presets":[],"generatorOpts":{"filename":"/Users/timothyliles/Documents/careers-in-code-sandbox/timLiles/feedback/imports/ui/AccountsUIWrapper.js","comments":true,"compact":false,"sourceMaps":true,"sourceFileName":"imports/ui/AccountsUIWrapper.js"}},"code":"var _interopRequireDefault = require(\"@babel/runtime/helpers/interopRequireDefault\");\n\nvar _inheritsLoose2 = _interopRequireDefault(require(\"@babel/runtime/helpers/inheritsLoose\"));\n\nmodule.export({\n  \"default\": function () {\n    return AccountsUIWrapper;\n  }\n});\nvar React, Component;\nmodule.link(\"react\", {\n  \"default\": function (v) {\n    React = v;\n  },\n  Component: function (v) {\n    Component = v;\n  }\n}, 0);\nvar ReactDOM;\nmodule.link(\"react-dom\", {\n  \"default\": function (v) {\n    ReactDOM = v;\n  }\n}, 1);\nvar Template;\nmodule.link(\"meteor/templating\", {\n  Template: function (v) {\n    Template = v;\n  }\n}, 2);\nvar Blaze;\nmodule.link(\"meteor/blaze\", {\n  Blaze: function (v) {\n    Blaze = v;\n  }\n}, 3);\n\nvar AccountsUIWrapper =\n/*#__PURE__*/\nfunction (_Component) {\n  (0, _inheritsLoose2.default)(AccountsUIWrapper, _Component);\n\n  function AccountsUIWrapper() {\n    return _Component.apply(this, arguments) || this;\n  }\n\n  var _proto = AccountsUIWrapper.prototype;\n\n  _proto.componentDidMount = function () {\n    function componentDidMount() {\n      this.view = Blaze.render(Template.loginButtons, ReactDOM.findDOMNode(this.refs.container));\n    }\n\n    return componentDidMount;\n  }();\n\n  _proto.componentsWillUnmount = function () {\n    function componentsWillUnmount() {\n      Blaze.remove(this.view);\n    }\n\n    return componentsWillUnmount;\n  }();\n\n  _proto.render = function () {\n    function render() {\n      return React.createElement(\"span\", {\n        ref: \"container\"\n      });\n    }\n\n    return render;\n  }();\n\n  return AccountsUIWrapper;\n}(Component);","map":{"version":3,"sources":["imports/ui/AccountsUIWrapper.js"],"names":["module","export","AccountsUIWrapper","React","Component","link","v","ReactDOM","Template","Blaze","componentDidMount","view","render","loginButtons","findDOMNode","refs","container","componentsWillUnmount","remove"],"mappings":";;;;AAAAA,MAAM,CAACC,MAAP,CAAc;AAAC,aAAQ;AAAA,WAAIC,iBAAJ;AAAA;AAAT,CAAd;AAA+C,IAAIC,KAAJ,EAAUC,SAAV;AAAoBJ,MAAM,CAACK,IAAP,CAAY,OAAZ,EAAoB;AAAA,uBAASC,CAAT,EAAW;AAACH,IAAAA,KAAK,GAACG,CAAN;AAAQ,GAApB;AAAqBF,EAAAA,SAArB,YAA+BE,CAA/B,EAAiC;AAACF,IAAAA,SAAS,GAACE,CAAV;AAAY;AAA9C,CAApB,EAAoE,CAApE;AAAuE,IAAIC,QAAJ;AAAaP,MAAM,CAACK,IAAP,CAAY,WAAZ,EAAwB;AAAA,uBAASC,CAAT,EAAW;AAACC,IAAAA,QAAQ,GAACD,CAAT;AAAW;AAAvB,CAAxB,EAAiD,CAAjD;AAAoD,IAAIE,QAAJ;AAAaR,MAAM,CAACK,IAAP,CAAY,mBAAZ,EAAgC;AAACG,EAAAA,QAAD,YAAUF,CAAV,EAAY;AAACE,IAAAA,QAAQ,GAACF,CAAT;AAAW;AAAxB,CAAhC,EAA0D,CAA1D;AAA6D,IAAIG,KAAJ;AAAUT,MAAM,CAACK,IAAP,CAAY,cAAZ,EAA2B;AAACI,EAAAA,KAAD,YAAOH,CAAP,EAAS;AAACG,IAAAA,KAAK,GAACH,CAAN;AAAQ;AAAlB,CAA3B,EAA+C,CAA/C;;IAK1QJ,iB;;;;;;;;;;;SACjBQ,iB;AAAA,iCAAoB;AAChB,WAAKC,IAAL,GAAYF,KAAK,CAACG,MAAN,CACRJ,QAAQ,CAACK,YADD,EAERN,QAAQ,CAACO,WAAT,CAAsB,KAAKC,IAAL,CAAUC,SAAhC,CAFQ,CAAZ;AAIH;;;;;SACDC,qB;AAAA,qCAAwB;AACpBR,MAAAA,KAAK,CAACS,MAAN,CAAa,KAAKP,IAAlB;AACH;;;;;SACDC,M;AAAA,sBAAS;AACL,aAAO;AAAM,QAAA,GAAG,EAAC;AAAV,QAAP;AACH;;;;;;EAZ0CR,S","sourcesContent":["import React, { Component } from \"react\";\nimport ReactDOM from \"react-dom\";\nimport { Template } from \"meteor/templating\";\nimport { Blaze } from \"meteor/blaze\";\n\nexport default class AccountsUIWrapper extends Component {\n    componentDidMount() {\n        this.view = Blaze.render(\n            Template.loginButtons,\n            ReactDOM.findDOMNode (this.refs.container)\n        );\n    }\n    componentsWillUnmount() {\n        Blaze.remove(this.view);\n    }\n    render() {\n        return <span ref=\"container\" />;\n    }\n}"]},"sourceType":"script","hash":"e642f7608411e0f9b2bc058873ade6e6f7fc987a"}
